S.No,item,itemLabel
1,http://www.wikidata.org/entity/Q528496,Vijay
2,http://www.wikidata.org/entity/Q54177426,Gulfam Sabri
3,http://www.wikidata.org/entity/Q601272,Rohan Kapoor
4,http://www.wikidata.org/entity/Q5557593,Ghulam Hassan Shaggan
5,http://www.wikidata.org/entity/Q5557645,Ghulam Mustafa Khan
6,http://www.wikidata.org/entity/Q107696116,Smaran
7,http://www.wikidata.org/entity/Q4746854,Amit Kumar
8,http://www.wikidata.org/entity/Q59179481,Sanjith Hegde
9,http://www.wikidata.org/entity/Q111748421,Prateek Gandhi
10,http://www.wikidata.org/entity/Q6347028,Kahlil Joseph
11,http://www.wikidata.org/entity/Q470898,Sonu Nigam
12,http://www.wikidata.org/entity/Q542681,Narada Michael Walden
13,http://www.wikidata.org/entity/Q590853,Farhan Akhtar
14,http://www.wikidata.org/entity/Q642827,Allu Arjun
15,http://www.wikidata.org/entity/Q1391295,Kailash Kher
16,http://www.wikidata.org/entity/Q2049494,Shankar Mahadevan
17,http://www.wikidata.org/entity/Q2049887,Mehboob
18,http://www.wikidata.org/entity/Q2050975,Rahul Nambiar
19,http://www.wikidata.org/entity/Q2051183,Tippu
20,http://www.wikidata.org/entity/Q3200364,Kumar Sanu
21,http://www.wikidata.org/entity/Q3537017,Chembai
22,http://www.wikidata.org/entity/Q3595122,Baba Sehgal
23,http://www.wikidata.org/entity/Q4242886,T. V. Sankaranarayanan
24,http://www.wikidata.org/entity/Q4665670,Abdul Rashid Khan
25,http://www.wikidata.org/entity/Q4734310,Aloke Dutta
26,http://www.wikidata.org/entity/Q4746868,Amit Paul
27,http://www.wikidata.org/entity/Q4803203,Asad Amanat Ali Khan
28,http://www.wikidata.org/entity/Q4818781,Atul Kale
29,http://www.wikidata.org/entity/Q4850071,Balappa Hukkeri
30,http://www.wikidata.org/entity/Q4860904,Barkat Sidhu
31,http://www.wikidata.org/entity/Q4866295,Basavaraj Rajguru
32,http://www.wikidata.org/entity/Q5094161,Chetanya Adib
33,http://www.wikidata.org/entity/Q5269484,Dheena Chandra Dhas
34,http://www.wikidata.org/entity/Q5403952,Veeramanidasan
35,http://www.wikidata.org/entity/Q5520834,Ganesh Hegde
36,http://www.wikidata.org/entity/Q5620548,Gururao Deshpande
37,http://www.wikidata.org/entity/Q5666095,Rahul Ranade
38,http://www.wikidata.org/entity/Q6100730,Ravi Shukla
39,http://www.wikidata.org/entity/Q6122184,Jagannathbuwa Purohit
40,http://www.wikidata.org/entity/Q6168478,Jazzy B
41,http://www.wikidata.org/entity/Q6733266,Maharajapuram Viswanatha Iyer
42,http://www.wikidata.org/entity/Q6746561,Manabendra Mukhopadhyay
43,http://www.wikidata.org/entity/Q6749016,Mangi Mahal
44,http://www.wikidata.org/entity/Q6965577,Narayanrao Vyas
45,http://www.wikidata.org/entity/Q7239754,Preet Brar
46,http://www.wikidata.org/entity/Q7239757,Preet Harpal
47,http://www.wikidata.org/entity/Q7368814,Roshan Sebastian
48,http://www.wikidata.org/entity/Q7396749,Sachin Warrier
49,http://www.wikidata.org/entity/Q281244,Karel Fialka
50,http://www.wikidata.org/entity/Q11160831,Anupam Roy
51,http://www.wikidata.org/entity/Q11169414,Ishmeet Singh
52,http://www.wikidata.org/entity/Q13120255,Yeshwant Balkrishna Joshi
53,http://www.wikidata.org/entity/Q13121445,Shahir Krishnarao Sable
54,http://www.wikidata.org/entity/Q99474638,Poovaiyar
55,http://www.wikidata.org/entity/Q16223903,Abhishek Raghuram
56,http://www.wikidata.org/entity/Q16734078,Bhalchandra Panchwadkar
57,http://www.wikidata.org/entity/Q83098198,Prem Dhillon
58,http://www.wikidata.org/entity/Q27517441,Mandar Agashe
59,http://www.wikidata.org/entity/Q25586138,Satinath Mukhopadhyay
60,http://www.wikidata.org/entity/Q94994048,Syed Kabul Bukhari
61,http://www.wikidata.org/entity/Q96251067,Adhiraj Debbarma
62,http://www.wikidata.org/entity/Q96323435,Monojit Debbarma
63,http://www.wikidata.org/entity/Q97062913,Gur Sidhu
64,http://www.wikidata.org/entity/Q97676614,Javas
65,http://www.wikidata.org/entity/Q98697530,Dost Habibur Rahman
66,http://www.wikidata.org/entity/Q106859569,Asim Kumar Sarkar
67,http://www.wikidata.org/entity/Q106961750,Prabhu Prasad Nanda
68,http://www.wikidata.org/entity/Q107025556,Upendra Panigrahi
69,http://www.wikidata.org/entity/Q107213028,Gurnazar
70,http://www.wikidata.org/entity/Q107526389,Neel Akash
71,http://www.wikidata.org/entity/Q108030257,Mohammad Sidiq
72,http://www.wikidata.org/entity/Q110628669,Gora Sarbadhikari
73,http://www.wikidata.org/entity/Q114857492,Asit Tripthy
74,http://www.wikidata.org/entity/Q55603999,Anjjan Bhattacharya
75,http://www.wikidata.org/entity/Q56061065,Bijay Kumar Jena
76,http://www.wikidata.org/entity/Q31202687,Vishu Bhatnagar
77,http://www.wikidata.org/entity/Q84078320,T. K. S. Natarajan
78,http://www.wikidata.org/entity/Q15716866,H. K. Narayana
79,http://www.wikidata.org/entity/Q18750564,Swaroop Khan
80,http://www.wikidata.org/entity/Q30155146,Rajesh Datar
81,http://www.wikidata.org/entity/Q21063574,Jasraj Jayant Joshi
82,http://www.wikidata.org/entity/Q23008002,Jubin Nautiyal
83,http://www.wikidata.org/entity/Q106446880,Kaka
84,http://www.wikidata.org/entity/Q107751050,Sidhu
85,http://www.wikidata.org/entity/Q94023122,Vilen
86,http://www.wikidata.org/entity/Q30323629,Bhuvan Bam
87,http://www.wikidata.org/entity/Q111495880,Gaurav Sharma
88,http://www.wikidata.org/entity/Q107369410,Satyajeet Jena
89,http://www.wikidata.org/entity/Q107539943,Ranjan Bezbaruah
90,http://www.wikidata.org/entity/Q108111820,Hira Thind
91,http://www.wikidata.org/entity/Q110469708,Mahananda Majinder Baruah
92,http://www.wikidata.org/entity/Q110930277,Satyajeet Pradhan
93,http://www.wikidata.org/entity/Q111232053,Kartar Singh (Professor)
94,http://www.wikidata.org/entity/Q100741785,Jayaram Shiledar
95,http://www.wikidata.org/entity/Q39048921,Humane Sagar
96,http://www.wikidata.org/entity/Q41186901,Dr. Harisankar
97,http://www.wikidata.org/entity/Q114831381,Satyajit Pradhan
98,http://www.wikidata.org/entity/Q107184413,Akull
99,http://www.wikidata.org/entity/Q96002100,Ananthu
100,http://www.wikidata.org/entity/Q45189150,A Shawn
101,http://www.wikidata.org/entity/Q95692985,Meet Jain
102,http://www.wikidata.org/entity/Q2367593,Mukesh
103,http://www.wikidata.org/entity/Q2050534,Mohanlal
104,http://www.wikidata.org/entity/Q2880506,M. Balamuralikrishna
105,http://www.wikidata.org/entity/Q3524112,Venkat Prabhu
106,http://www.wikidata.org/entity/Q98742748,Gobin Debbarma
107,http://www.wikidata.org/entity/Q4902188,Bhupinder Singh
108,http://www.wikidata.org/entity/Q88959579,Pingalshi Brahmanand Gadhvi
109,http://www.wikidata.org/entity/Q5316390,Durga Rangila
110,http://www.wikidata.org/entity/Q6798492,Mazhar Ali Khan
111,http://www.wikidata.org/entity/Q6893010,Mohammed Aziz
112,http://www.wikidata.org/entity/Q3533089,Shahul Hameed
113,http://www.wikidata.org/entity/Q3595596,Adoor Bhasi
114,http://www.wikidata.org/entity/Q15724090,Chitta Jena
115,http://www.wikidata.org/entity/Q6948700,Mysore Ananthaswamy
116,http://www.wikidata.org/entity/Q123692809,Alwin Thomas
117,http://www.wikidata.org/entity/Q7929127,Vijay Benedict
118,http://www.wikidata.org/entity/Q13111484,K. G. Markose
119,http://www.wikidata.org/entity/Q3498996,N. T. Rama Rao Jr.
120,http://www.wikidata.org/entity/Q4724701,Ali Baksh Jarnail
121,http://www.wikidata.org/entity/Q15724688,Prasant Padhi
122,http://www.wikidata.org/entity/Q5276736,Dileep (Gopalakrishnan P Pillai)
123,http://www.wikidata.org/entity/Q5640306,Hakam Sufi
124,http://www.wikidata.org/entity/Q5657172,Hari Om Sharan
125,http://www.wikidata.org/entity/Q6350333,Kalamandalam Haridas
126,http://www.wikidata.org/entity/Q6372802,Karnail Gill
127,http://www.wikidata.org/entity/Q6444155,Kunal Ganjawala
128,http://www.wikidata.org/entity/Q6745581,Mame Khan
129,http://www.wikidata.org/entity/Q6749203,Manhar Udhas
130,http://www.wikidata.org/entity/Q6942708,Musiri Subramania Iyer
131,http://www.wikidata.org/entity/Q6956716,Nabadwipchandra Dev Burman
132,http://www.wikidata.org/entity/Q7632910,Suchith Suresan
133,http://www.wikidata.org/entity/Q7633703,Sudesh Bhonsle
134,http://www.wikidata.org/entity/Q7635245,Suhit Gosain
135,http://www.wikidata.org/entity/Q471542,Kishore Kumar
136,http://www.wikidata.org/entity/Q19667434,Vishvesh Parmar
137,http://www.wikidata.org/entity/Q10996172,Mickey J. Meyer
138,http://www.wikidata.org/entity/Q96472489,Benichandra Jamatia
139,http://www.wikidata.org/entity/Q25643897,Saroj Kumar
140,http://www.wikidata.org/entity/Q12066370,Mani Prasad
141,http://www.wikidata.org/entity/Q107399604,Noor Mohammad Shah
142,http://www.wikidata.org/entity/Q3536974,P. B. Sreenivas
143,http://www.wikidata.org/entity/Q6712829,M. L. R. Karthikeyan
144,http://www.wikidata.org/entity/Q7150257,Paul Dhinakaran
145,http://www.wikidata.org/entity/Q2051849,K. J. Yesudas
146,http://www.wikidata.org/entity/Q3351697,Dr. Puneeth Rajkumar
147,http://www.wikidata.org/entity/Q24945279,Kirtidan Gadhvi
148,http://www.wikidata.org/entity/Q25825240,Sabar Koti
149,http://www.wikidata.org/entity/Q25906483,Yudhvir Manak
150,http://www.wikidata.org/entity/Q26132725,Vijay Urs
151,http://www.wikidata.org/entity/Q15724228,Tansen Singh
152,http://www.wikidata.org/entity/Q26844705,Samrat Sarkar
153,http://www.wikidata.org/entity/Q27656760,Navv Inder
154,http://www.wikidata.org/entity/Q17517044,Deepan Chakravarthy
155,http://www.wikidata.org/entity/Q7282998,Raghubir Yadav
156,http://www.wikidata.org/entity/Q7645324,Suraj Jagan
157,http://www.wikidata.org/entity/Q7932416,Vineeth Vincent
158,http://www.wikidata.org/entity/Q29453931,Sushin Shyam
159,http://www.wikidata.org/entity/Q19665701,J. M. Raju
160,http://www.wikidata.org/entity/Q19892598,Kaushik Menon
161,http://www.wikidata.org/entity/Q31789882,Fakir Chand Patanga
162,http://www.wikidata.org/entity/Q21933982,Arjun Chandy
163,http://www.wikidata.org/entity/Q43177778,Mukhtiyar Ali
164,http://www.wikidata.org/entity/Q4849891,Balakrishnabuwa Ichalkaranjikar
165,http://www.wikidata.org/entity/Q15707233,S. Ramanathan
166,http://www.wikidata.org/entity/Q15721536,Raju Ananthaswamy
167,http://www.wikidata.org/entity/Q47001580,Hriday Gattani
168,http://www.wikidata.org/entity/Q60736996,Vijith Nambiar
169,http://www.wikidata.org/entity/Q19667217,Shabab Sabri
170,http://www.wikidata.org/entity/Q52031719,Rahul Sipligunj
171,http://www.wikidata.org/entity/Q21066378,Darshan Raval
172,http://www.wikidata.org/entity/Q467008,Raheem Shah
173,http://www.wikidata.org/entity/Q21162371,Ismail Valera
174,http://www.wikidata.org/entity/Q21592132,K. Ibomcha Sharma
175,http://www.wikidata.org/entity/Q37451606,Samrat Pandit
176,http://www.wikidata.org/entity/Q31213368,Chandan Shetty
177,http://www.wikidata.org/entity/Q123039389,Kulbir Jhinjer
178,http://www.wikidata.org/entity/Q55584397,Anand Aravindakshan
179,http://www.wikidata.org/entity/Q123692359,John Jebaraj
180,http://www.wikidata.org/entity/Q123692785,Samuel Dhinakaran
181,http://www.wikidata.org/entity/Q6811640,Melattur Sahadevan
182,http://www.wikidata.org/entity/Q6851885,Milind Ingle
183,http://www.wikidata.org/entity/Q7668466,T. L. Maharajan
184,http://www.wikidata.org/entity/Q7668541,T. N. Seshagopalan
185,http://www.wikidata.org/entity/Q7811980,Tochi Raina
186,http://www.wikidata.org/entity/Q7914385,Vandemataram Srinivas
187,http://www.wikidata.org/entity/Q60140313,Prateek Shandilya
188,http://www.wikidata.org/entity/Q86445137,Sunny Hindustani
189,http://www.wikidata.org/entity/Q15725365,Subas Das
190,http://www.wikidata.org/entity/Q16018449,Romey Gill
191,http://www.wikidata.org/entity/Q16134971,Ayiroor Sadasivan
192,http://www.wikidata.org/entity/Q16195380,Ramesh Vinayakam
193,http://www.wikidata.org/entity/Q16197289,R. Suryaprakash
194,http://www.wikidata.org/entity/Q16203651,Savio Paul D'sa
195,http://www.wikidata.org/entity/Q17581434,Zero Babu
196,http://www.wikidata.org/entity/Q58976017,Stebin Ben
197,http://www.wikidata.org/entity/Q18684799,Thrissur R. Vaidyanatha Bhagavathar
198,http://www.wikidata.org/entity/Q58311261,Haridhan Mukherjee
199,http://www.wikidata.org/entity/Q9369646,Vishal Taklani
200,http://www.wikidata.org/entity/Q61706827,Hiralal Yadav
201,http://www.wikidata.org/entity/Q115181220,Pulak Banerjee
202,http://www.wikidata.org/entity/Q331050,Dhanush
203,http://www.wikidata.org/entity/Q156815,Mohammed Rafi
204,http://www.wikidata.org/entity/Q14867563,Akbar Khan
205,http://www.wikidata.org/entity/Q108906664,Nithish
206,http://www.wikidata.org/entity/Q7633675,Sudeep Kumar
207,http://www.wikidata.org/entity/Q121077,Bhimsen Joshi
208,http://www.wikidata.org/entity/Q330889,Silambarasan TR
209,http://www.wikidata.org/entity/Q2049641,Madhu Balakrishnan
210,http://www.wikidata.org/entity/Q2050135,M. G. Sreekumar
211,http://www.wikidata.org/entity/Q2051370,Alphons Joseph
212,http://www.wikidata.org/entity/Q2051476,C. J. Kuttappan
213,http://www.wikidata.org/entity/Q1641056,Krishna Das
214,http://www.wikidata.org/entity/Q2787402,Haldhar Nag
215,http://www.wikidata.org/entity/Q3349252,Anup Jalota
216,http://www.wikidata.org/entity/Q3525273,Semmangudi Srinivasa Iyer
217,http://www.wikidata.org/entity/Q3533144,S. P. B. Charan
218,http://www.wikidata.org/entity/Q3631420,Rahul Vaidya
219,http://www.wikidata.org/entity/Q3695020,Amanat Ali Khan
220,http://www.wikidata.org/entity/Q3944587,Vidup Agrahari
221,http://www.wikidata.org/entity/Q4736038,Altaf Raja
222,http://www.wikidata.org/entity/Q4739475,Aman Ali Khan
223,http://www.wikidata.org/entity/Q4777819,Anupam Amod
224,http://www.wikidata.org/entity/Q4803159,Asa Singh Mastana
225,http://www.wikidata.org/entity/Q4812984,Ateeq Hussain Khan
226,http://www.wikidata.org/entity/Q4830642,Axl Hazarika
227,http://www.wikidata.org/entity/Q4857165,Bant Singh
228,http://www.wikidata.org/entity/Q5243047,Dayanand Prajapati
229,http://www.wikidata.org/entity/Q5247804,Debabrata Biswas
230,http://www.wikidata.org/entity/Q5248126,Debojit Saha
231,http://www.wikidata.org/entity/Q5253783,Delhi P. Sunder Rajan
232,http://www.wikidata.org/entity/Q5266378,Deepak Adhikari
233,http://www.wikidata.org/entity/Q5277053,Dilshad Khan
234,http://www.wikidata.org/entity/Q5512341,G. M. Durrani
235,http://www.wikidata.org/entity/Q5588377,Gour Khyapa
236,http://www.wikidata.org/entity/Q5655938,Hardev Mahinangal
237,http://www.wikidata.org/entity/Q17089164,Oliver Sean
238,http://www.wikidata.org/entity/Q108837775,Alobo Naga
239,http://www.wikidata.org/entity/Q3695398,Malkit Singh
240,http://www.wikidata.org/entity/Q4790608,Arijit Singh
241,http://www.wikidata.org/entity/Q110553017,Kshitij Vedi
242,http://www.wikidata.org/entity/Q113680345,Bamba Bakya
243,http://www.wikidata.org/entity/Q117282200,Dhanunjay Seepana
244,http://www.wikidata.org/entity/Q469818,Udit Narayan
245,http://www.wikidata.org/entity/Q109341172,Anuv Jain
246,http://www.wikidata.org/entity/Q4792489,Armaan Malik
247,http://www.wikidata.org/entity/Q5274077,Didar Sandhu
248,http://www.wikidata.org/entity/Q6392028,Papu Pam Pam
249,http://www.wikidata.org/entity/Q7282983,Raghu Dixit
250,http://www.wikidata.org/entity/Q18210554,Thomson Andrews
251,http://www.wikidata.org/entity/Q2049688,S. P. Balasubrahmanyam
252,http://www.wikidata.org/entity/Q2993510,Nandu Bhende
253,http://www.wikidata.org/entity/Q4765271,Anirudh Ravichander
254,http://www.wikidata.org/entity/Q7387554,S. J. Surya
255,http://www.wikidata.org/entity/Q113911231,Jaimin Rajani
256,http://www.wikidata.org/entity/Q3694931,Gurdas Maan
257,http://www.wikidata.org/entity/Q118433862,Moko Koza
258,http://www.wikidata.org/entity/Q4661364,Aalap Raju
259,http://www.wikidata.org/entity/Q16058105,Adithya Srinivasan
260,http://www.wikidata.org/entity/Q5584347,Gora Chakk Wala
261,http://www.wikidata.org/entity/Q16728522,Ishaan Dev
262,http://www.wikidata.org/entity/Q28147555,Digvijay Bhonsale
263,http://www.wikidata.org/entity/Q7238804,Pratul Mukhopadhyay
264,http://www.wikidata.org/entity/Q123312599,Parth Pithadiya
265,http://www.wikidata.org/entity/Q66049056,Tapas Das
266,http://www.wikidata.org/entity/Q3635484,Naresh Iyer
267,http://www.wikidata.org/entity/Q25643896,Karunakar
268,http://www.wikidata.org/entity/Q4802258,Arunendu Das
269,http://www.wikidata.org/entity/Q5527877,Gautam Chattopadhyay
270,http://www.wikidata.org/entity/Q7377137,Vidyabhushana
271,http://www.wikidata.org/entity/Q7420905,Sapan Chakraborty
272,http://www.wikidata.org/entity/Q7499430,Shiva Rajkumar
273,http://www.wikidata.org/entity/Q29913265,Prateek Kuhad
274,http://www.wikidata.org/entity/Q76515055,Jass Manak
275,http://www.wikidata.org/entity/Q77304145,Shyamal Munshi
276,http://www.wikidata.org/entity/Q16727961,Avinash Chebbi
277,http://www.wikidata.org/entity/Q27922197,Adi Agash√©
278,http://www.wikidata.org/entity/Q101435176,David Singh
279,http://www.wikidata.org/entity/Q29169256,Dev Negi
280,http://www.wikidata.org/entity/Q80220705,Aaryan
281,http://www.wikidata.org/entity/Q107043788,Shashank Chandel
282,http://www.wikidata.org/entity/Q61050537,Arjun Charan Samal
283,http://www.wikidata.org/entity/Q110469881,Ridip Dutta
284,http://www.wikidata.org/entity/Q113114624,Soumyadeep Sikdar
285,http://www.wikidata.org/entity/Q55620148,Sricharan
286,http://www.wikidata.org/entity/Q114858027,Jyotirmayee Nayak
287,http://www.wikidata.org/entity/Q4683072,Aditya Jassi
288,http://www.wikidata.org/entity/Q252291,Pran Nath
289,http://www.wikidata.org/entity/Q6957156,Nachiketa Chakraborty
290,http://www.wikidata.org/entity/Q6164125,Jaspreet 'Jazim' Sharma
291,http://www.wikidata.org/entity/Q6164345,Jaswinder Singh
292,http://www.wikidata.org/entity/Q6383307,Keerthi Sagathia
293,http://www.wikidata.org/entity/Q6398912,Khadim Hussain Khan
294,http://www.wikidata.org/entity/Q6415338,Kirit Khan
295,http://www.wikidata.org/entity/Q7262500,Puttur Narasimha Nayak
296,http://www.wikidata.org/entity/Q7267309,Qazi Touqeer
297,http://www.wikidata.org/entity/Q7273767,R. K. Srikantan
298,http://www.wikidata.org/entity/Q7282985,Raghu Kunche
299,http://www.wikidata.org/entity/Q7286617,Rakesh Pandit
300,http://www.wikidata.org/entity/Q18637526,Josh Vivian
301,http://www.wikidata.org/entity/Q7631341,Subinoy Roy
302,http://www.wikidata.org/entity/Q7646397,Surjit Bindrakhia
303,http://www.wikidata.org/entity/Q7898241,Upendra Bhat
304,http://www.wikidata.org/entity/Q7906204,V. Ramakrishna
305,http://www.wikidata.org/entity/Q7929087,Vijay Antony
306,http://www.wikidata.org/entity/Q7932756,Vinod Rathod
307,http://www.wikidata.org/entity/Q7937065,Vithal Rao
308,http://www.wikidata.org/entity/Q8071287,Zia Fariduddin Dagar
309,http://www.wikidata.org/entity/Q4272960,Abhijeet Sawant
310,http://www.wikidata.org/entity/Q15281094,Neyveli Santhanagopalan
311,http://www.wikidata.org/entity/Q4648083,A. L. Raghavan
312,http://www.wikidata.org/entity/Q4680844,Adarsh Rathore
313,http://www.wikidata.org/entity/Q15527058,Sooraj Santhosh
314,http://www.wikidata.org/entity/Q15724665,Pranab Patnaik
315,http://www.wikidata.org/entity/Q16231899,Nithin Raj
316,http://www.wikidata.org/entity/Q16235597,Siddharth Mahadevan
317,http://www.wikidata.org/entity/Q16755950,Siddharth Menon
318,http://www.wikidata.org/entity/Q18126992,Mukul Kulkarni
319,http://www.wikidata.org/entity/Q18327054,Sunny Cheema
320,http://www.wikidata.org/entity/Q18340500,Ali Quli Mirza
321,http://www.wikidata.org/entity/Q18352060,Manas Robin
322,http://www.wikidata.org/entity/Q18586385,Rituraj Mohanty
323,http://www.wikidata.org/entity/Q18608779,Harrdy Sandhu
324,http://www.wikidata.org/entity/Q19464720,Rafique Ghaznavi
325,http://www.wikidata.org/entity/Q20684354,Mashkoor Ali Khan
326,http://www.wikidata.org/entity/Q28173592,Vishal Mishra
327,http://www.wikidata.org/entity/Q24851800,Osman Mir
328,http://www.wikidata.org/entity/Q27057662,Franco Simon
329,http://www.wikidata.org/entity/Q30557637,Guru Randhawa
330,http://www.wikidata.org/entity/Q278980,Akkineni Nageswara Rao
331,http://www.wikidata.org/entity/Q56280282,Siddharth Menon
332,http://www.wikidata.org/entity/Q56690367,Basudeb Das Baul
333,http://www.wikidata.org/entity/Q62272391,Hortencio Pereira
334,http://www.wikidata.org/entity/Q60068,Rajinikanth
335,http://www.wikidata.org/entity/Q99196514,Prasenjit Mallick
336,http://www.wikidata.org/entity/Q104054233,Macnivil
337,http://www.wikidata.org/entity/Q94579885,Aashish Ingle
338,http://www.wikidata.org/entity/Q97352888,Siaram Dave
339,http://www.wikidata.org/entity/Q20894408,Sajjan Akbarpuri
340,http://www.wikidata.org/entity/Q107365226,Biman Barua
341,http://www.wikidata.org/entity/Q107677663,Ishan Mitra
342,http://www.wikidata.org/entity/Q107882601,amaze media
343,http://www.wikidata.org/entity/Q108147248,Kuldeep Suman
344,http://www.wikidata.org/entity/Q3634230,KK
345,http://www.wikidata.org/entity/Q6373530,Karthik
346,http://www.wikidata.org/entity/Q3595190,Ghulam Ali
347,http://www.wikidata.org/entity/Q7137020,Parichay
348,http://www.wikidata.org/entity/Q2048901,Achu Rajamani
349,http://www.wikidata.org/entity/Q2049183,Ranjith
350,http://www.wikidata.org/entity/Q2720141,Ilaiyaraaja
351,http://www.wikidata.org/entity/Q2840639,Alwin Thomas
352,http://www.wikidata.org/entity/Q3181884,Mallikarjun Mansur
353,http://www.wikidata.org/entity/Q3536023,J. P. Chandrababu
354,http://www.wikidata.org/entity/Q3629911,Bal Gandharva
355,http://www.wikidata.org/entity/Q4746480,Aminuddin Dagar
356,http://www.wikidata.org/entity/Q4827411,Avadhoot Gupte
357,http://www.wikidata.org/entity/Q5636304,H R Keshava Murthy
358,http://www.wikidata.org/entity/Q5658089,Harjit Harman
359,http://www.wikidata.org/entity/Q5892320,Haricharan
360,http://www.wikidata.org/entity/Q6324153,K. V. Krishna Prasad
361,http://www.wikidata.org/entity/Q6893685,Mohanrao Palekar
362,http://www.wikidata.org/entity/Q6933773,Mulazim Hussain
363,http://www.wikidata.org/entity/Q6965329,Naranappa Uppoor
364,http://www.wikidata.org/entity/Q7184494,Philip V. Francis
365,http://www.wikidata.org/entity/Q7198953,Pithukuli Murugadas
366,http://www.wikidata.org/entity/Q7683763,Tansen Pande
367,http://www.wikidata.org/entity/Q704859,Arshad Warsi
368,http://www.wikidata.org/entity/Q734574,Dilip Kumar Roy
369,http://www.wikidata.org/entity/Q12065365,Parupalli Ramakrishnayya Pantulu
370,http://www.wikidata.org/entity/Q1678225,Jafar Husayn Khan
371,http://www.wikidata.org/entity/Q1752094,Sathya Prakash
372,http://www.wikidata.org/entity/Q2050005,Sainoj
373,http://www.wikidata.org/entity/Q2426558,Jasraj
374,http://www.wikidata.org/entity/Q28419629,Amjad Ali Khan
375,http://www.wikidata.org/entity/Q15723652,Arabinda Muduli
376,http://www.wikidata.org/entity/Q15725338,Sikandar Alam
377,http://www.wikidata.org/entity/Q16216603,Lehmber Hussainpuri
378,http://www.wikidata.org/entity/Q16745372,Pallab Kirtania
379,http://www.wikidata.org/entity/Q17385605,Babbal Rai
380,http://www.wikidata.org/entity/Q17418771,Avtar Singh Kang
381,http://www.wikidata.org/entity/Q7504120,Shrinivas Joshi
382,http://www.wikidata.org/entity/Q55632039,Roy
383,http://www.wikidata.org/entity/Q19892286,K. Deep
384,http://www.wikidata.org/entity/Q19921573,Dhvanit Thaker
385,http://www.wikidata.org/entity/Q21970488,Arvind Vegda
386,http://www.wikidata.org/entity/Q23498586,Khesari Lal Yadav
387,http://www.wikidata.org/entity/Q25999576,Ramdas Kamat
388,http://www.wikidata.org/entity/Q26868845,Sachin Pandit
389,http://www.wikidata.org/entity/Q28911635,A. R. Ameen
390,http://www.wikidata.org/entity/Q28947958,Singhari Shyamsundar Kar
391,http://www.wikidata.org/entity/Q31496901,Mallikarjun
392,http://www.wikidata.org/entity/Q31787334,Jagseer Jeeda
393,http://www.wikidata.org/entity/Q25681997,Dwipen Baruah
394,http://www.wikidata.org/entity/Q54486340,Bobby Cash
395,http://www.wikidata.org/entity/Q55758397,Atish Mazumdar
396,http://www.wikidata.org/entity/Q55770766,Malladi Suribabu
397,http://www.wikidata.org/entity/Q3595893,Zubeen Bouthakur Garg
398,http://www.wikidata.org/entity/Q60194375,Salman Ali
399,http://www.wikidata.org/entity/Q60667186,Shadab Faridi Nizami
400,http://www.wikidata.org/entity/Q63790106,Jayanta Nath
401,http://www.wikidata.org/entity/Q63974973,Yo Yo Futting Gulu
402,http://www.wikidata.org/entity/Q15725397,Swarup Nayak
403,http://www.wikidata.org/entity/Q73030132,Ashok Masti
404,http://www.wikidata.org/entity/Q90878142,Adhir Bagchi
405,http://www.wikidata.org/entity/Q107067,Jagjit Singh
406,http://www.wikidata.org/entity/Q107130,Rajesh Khanna
407,http://www.wikidata.org/entity/Q108587677,Rajib Karmakar
408,http://www.wikidata.org/entity/Q98806979,Soham Naik
409,http://www.wikidata.org/entity/Q98918582,Shamik Sinha
410,http://www.wikidata.org/entity/Q7296357,Raveendran
411,http://www.wikidata.org/entity/Q7426182,Sathyan
412,http://www.wikidata.org/entity/Q113961876,S S Manoj Sharma
413,http://www.wikidata.org/entity/Q3899724,Ashok Kumar
414,http://www.wikidata.org/entity/Q115044842,Parth J Panchal
415,http://www.wikidata.org/entity/Q105687424,Aditya Gadhvi
416,http://www.wikidata.org/entity/Q107332449,Suddho Roy
417,http://www.wikidata.org/entity/Q3530791,Nakul
418,http://www.wikidata.org/entity/Q355748,Mehmood Ali
419,http://www.wikidata.org/entity/Q3521030,Mano
420,http://www.wikidata.org/entity/Q109278063,Ram Shankar
421,http://www.wikidata.org/entity/Q114441047,Prabhupada Mohanty
422,http://www.wikidata.org/entity/Q5266493,Devang Patel
423,http://www.wikidata.org/entity/Q4320690,Louis Banks
424,http://www.wikidata.org/entity/Q7929192,Vijay Prakash
425,http://www.wikidata.org/entity/Q3346448,Shaan
426,http://www.wikidata.org/entity/Q15340767,Ankit Tiwari
427,http://www.wikidata.org/entity/Q2745300,Bade Ghulam Ali Khan
428,http://www.wikidata.org/entity/Q121122,Kumar Gandharva
429,http://www.wikidata.org/entity/Q310867,Sanjay Dutt
430,http://www.wikidata.org/entity/Q464185,Daler Mehndi
431,http://www.wikidata.org/entity/Q3523638,Devi Sri Prasad
432,http://www.wikidata.org/entity/Q3534654,Piyush Mishra
433,http://www.wikidata.org/entity/Q4901702,Bhikari Bal
434,http://www.wikidata.org/entity/Q4901788,Bhimrao Panchale
435,http://www.wikidata.org/entity/Q4916195,Birendra Krishna Bhadra
436,http://www.wikidata.org/entity/Q5296877,P. U. Chinnappa
437,http://www.wikidata.org/entity/Q5529964,Geeta Zaildar
438,http://www.wikidata.org/entity/Q6167688,Jayateerth Mevundi
439,http://www.wikidata.org/entity/Q6403469,Khyal Muhammad
440,http://www.wikidata.org/entity/Q6437324,Krish
441,http://www.wikidata.org/entity/Q6527908,Bellary M Raghavendra
442,http://www.wikidata.org/entity/Q6716486,MK Balaji
443,http://www.wikidata.org/entity/Q7278616,Rabbit Sack C
444,http://www.wikidata.org/entity/Q7294710,Rasamayi Balakrishna
445,http://www.wikidata.org/entity/Q7366355,Roop Kumar Rathod
446,http://www.wikidata.org/entity/Q7380203,Rupam Sarmah
447,http://www.wikidata.org/entity/Q7387376,S. B. John
448,http://www.wikidata.org/entity/Q7387903,S. Somasundaram
449,http://www.wikidata.org/entity/Q7966908,Wamanrao Sadolikar
450,http://www.wikidata.org/entity/Q8002044,Wilfy Rebimbus
451,http://www.wikidata.org/entity/Q282053,Satinder Sartaaj
452,http://www.wikidata.org/entity/Q1387724,Yuvan Shankar Raja
453,http://www.wikidata.org/entity/Q2051687,Vidhu Prathap
454,http://www.wikidata.org/entity/Q2279537,Shiv Dayal Batish
455,http://www.wikidata.org/entity/Q2732205,Hemanta Mukhopadhyay
456,http://www.wikidata.org/entity/Q2841613,Vikas Bhalla
457,http://www.wikidata.org/entity/Q3124846,Siddharth Narayan
458,http://www.wikidata.org/entity/Q3345399,Bappi Lahiri
459,http://www.wikidata.org/entity/Q3347885,Pankaj Mullick
460,http://www.wikidata.org/entity/Q3429974,Ghantasala Venkateswara Rao
461,http://www.wikidata.org/entity/Q3541065,Sukshinder Shinda
462,http://www.wikidata.org/entity/Q3694938,Kuldeep Manak
463,http://www.wikidata.org/entity/Q4445352,Sudhanshu Pandey
464,http://www.wikidata.org/entity/Q4748646,Amrinder Gill
465,http://www.wikidata.org/entity/Q4889964,Benny Dayal
466,http://www.wikidata.org/entity/Q5210099,Dakssh Ajit Singh
467,http://www.wikidata.org/entity/Q5278079,Dinesh Kanagaratnam
468,http://www.wikidata.org/entity/Q16233290,Ashim Kemson
469,http://www.wikidata.org/entity/Q6957154,Nachiketa Sharma
470,http://www.wikidata.org/entity/Q7041093,Nissar Hussain Khan
471,http://www.wikidata.org/entity/Q7127481,Palghat Anantharama Bhagavatar
472,http://www.wikidata.org/entity/Q7147326,Patrick Ngcobo
473,http://www.wikidata.org/entity/Q7262552,Puvvula Suri Babu
474,http://www.wikidata.org/entity/Q7283399,Rahim-ud-in Khan Dagar
475,http://www.wikidata.org/entity/Q7295949,Rattan Mohan Sharma
476,http://www.wikidata.org/entity/Q7336889,Ritwik Sanyal
477,http://www.wikidata.org/entity/Q7418501,Sanjeev Chimmalgi
478,http://www.wikidata.org/entity/Q7460074,Shabbir Kumar
479,http://www.wikidata.org/entity/Q7668793,T. V. Ramprasadh
480,http://www.wikidata.org/entity/Q18354524,Sanam Puri
481,http://www.wikidata.org/entity/Q19604921,Krishna Kalle
482,http://www.wikidata.org/entity/Q9017350,Kaushal Inamdar
483,http://www.wikidata.org/entity/Q20609377,Labh Heera
484,http://www.wikidata.org/entity/Q20630577,Rupam Bhuyan
485,http://www.wikidata.org/entity/Q20643863,Jitendra Haripal
486,http://www.wikidata.org/entity/Q20751192,Vikram Thakor
487,http://www.wikidata.org/entity/Q21642874,Numeer
488,http://www.wikidata.org/entity/Q15293348,Anant Manohar Joshi
489,http://www.wikidata.org/entity/Q15724801,Balakrushna Dash
490,http://www.wikidata.org/entity/Q16008280,Sattur A. G. Subramaniam
491,http://www.wikidata.org/entity/Q16018366,Kaka Bhaniawala
492,http://www.wikidata.org/entity/Q16217532,Shael Oswal
493,http://www.wikidata.org/entity/Q16259628,Sherrin Varghese
494,http://www.wikidata.org/entity/Q16730794,Jawaad Ali Khan
495,http://www.wikidata.org/entity/Q17386150,Yashraj Kapil
496,http://www.wikidata.org/entity/Q57524229,Tony Kakkar
497,http://www.wikidata.org/entity/Q3531959,Sivakartikeyan
498,http://www.wikidata.org/entity/Q108908008,Deepak Singla
499,http://www.wikidata.org/entity/Q108743166,Mohammed Shanooj
500,http://www.wikidata.org/entity/Q107253554,Rana Kharkongor
501,http://www.wikidata.org/entity/Q107345368,Babu Baruah
502,http://www.wikidata.org/entity/Q108333012,Mousam Gogoi
503,http://www.wikidata.org/entity/Q109669260,Mayur Jumani
504,http://www.wikidata.org/entity/Q312783,Vivek
505,http://www.wikidata.org/entity/Q113457504,Tyson Sidhu
506,http://www.wikidata.org/entity/Q93401339,Sajjan Adeeb
507,http://www.wikidata.org/entity/Q96181684,Basen Murmu
508,http://www.wikidata.org/entity/Q16233802,Fura
509,http://www.wikidata.org/entity/Q381477,Kamal Haasan
510,http://www.wikidata.org/entity/Q6165291,Javed Ali
511,http://www.wikidata.org/entity/Q855128,Bhupen Hazarika
512,http://www.wikidata.org/entity/Q1250743,Adam Sami
513,http://www.wikidata.org/entity/Q1570444,Trichur V. Ramachandran
514,http://www.wikidata.org/entity/Q6751197,Manoj Tiwari
515,http://www.wikidata.org/entity/Q5006835,C. S. Jayaraman
516,http://www.wikidata.org/entity/Q5957703,Kalabhavan Mani
517,http://www.wikidata.org/entity/Q6126805,Shailender Singh
518,http://www.wikidata.org/entity/Q6164160,Jassi Sidhu
519,http://www.wikidata.org/entity/Q6965830,Naresh Kanodia
520,http://www.wikidata.org/entity/Q7040023,Nirmal Udhas
521,http://www.wikidata.org/entity/Q7041308,Nitin Mukesh
522,http://www.wikidata.org/entity/Q7402508,Sairam Iyer
523,http://www.wikidata.org/entity/Q7418484,Sanjay Subrahmanyan
524,http://www.wikidata.org/entity/Q7908832,Vairamangalam Lakshmi Narayanan
525,http://www.wikidata.org/entity/Q7931405,Vinayak Torvi
526,http://www.wikidata.org/entity/Q28912364,Jai Prakash
527,http://www.wikidata.org/entity/Q984634,Dr. Rajkumar
528,http://www.wikidata.org/entity/Q1396801,L. Shankar
529,http://www.wikidata.org/entity/Q13001270,Nookala Chinna Satyanarayana
530,http://www.wikidata.org/entity/Q18049750,Arjun Menon
531,http://www.wikidata.org/entity/Q15723142,Ajit Kadkade
532,http://www.wikidata.org/entity/Q15725092,Ratikant Satapathy
533,http://www.wikidata.org/entity/Q5203634,D. Imman
534,http://www.wikidata.org/entity/Q15929750,Kamal Heer
535,http://www.wikidata.org/entity/Q15977284,Jassie Gill
536,http://www.wikidata.org/entity/Q15998932,Palghat Srirama Bhagavathar
537,http://www.wikidata.org/entity/Q16018375,M. Boyer
538,http://www.wikidata.org/entity/Q16187036,Chandan Dass
539,http://www.wikidata.org/entity/Q17309189,Purshottam Das Jalota
540,http://www.wikidata.org/entity/Q7285449,Raja Hasan
541,http://www.wikidata.org/entity/Q7289461,Rameshwar Pathak
542,http://www.wikidata.org/entity/Q18392498,Habib Painter
543,http://www.wikidata.org/entity/Q20824470,Santosh Sengupta
544,http://www.wikidata.org/entity/Q21931963,L. N. Shastri
545,http://www.wikidata.org/entity/Q22004046,Dilpreet Dhillon
546,http://www.wikidata.org/entity/Q23664488,Gupz Sehra
547,http://www.wikidata.org/entity/Q24565789,Pramod Ranade
548,http://www.wikidata.org/entity/Q4806918,Asif Mehdi
549,http://www.wikidata.org/entity/Q4831843,Ayushmann Khurrana
550,http://www.wikidata.org/entity/Q5318282,Dwijen Mukhopadhyay
551,http://www.wikidata.org/entity/Q5413313,Anuj Gurwara
552,http://www.wikidata.org/entity/Q5512123,G. Anand
553,http://www.wikidata.org/entity/Q5512510,G. V. Atri
554,http://www.wikidata.org/entity/Q5529935,Geet Sagar
555,http://www.wikidata.org/entity/Q5557589,Ghulam Hassan Sofi
556,http://www.wikidata.org/entity/Q5583435,Goodly Rath
557,http://www.wikidata.org/entity/Q5636800,Habib Wali Mohammad
558,http://www.wikidata.org/entity/Q6161365,Jasbir Jassi
559,http://www.wikidata.org/entity/Q6228086,John D'Silva
560,http://www.wikidata.org/entity/Q6443328,Kulwinder Dhillon
561,http://www.wikidata.org/entity/Q6530974,Leslee Lewis
562,http://www.wikidata.org/entity/Q6728822,Madurai Sundar
563,http://www.wikidata.org/entity/Q6965796,Narendra Singh Negi
564,http://www.wikidata.org/entity/Q6986393,Nedunuri Krishnamurthy
565,http://www.wikidata.org/entity/Q7827614,Toshi Sabri
566,http://www.wikidata.org/entity/Q7916376,Vasantrao Deshpande
567,http://www.wikidata.org/entity/Q7916497,Vashanth Sellathurai
568,http://www.wikidata.org/entity/Q7929393,Vikas Kashalkar
569,http://www.wikidata.org/entity/Q29452445,Brijesh Shandilya
570,http://www.wikidata.org/entity/Q33083005,Akhil
571,http://www.wikidata.org/entity/Q13056834,Aparesh Lahiri
572,http://www.wikidata.org/entity/Q13452040,Shekhar Sen
573,http://www.wikidata.org/entity/Q3595494,Anand Bhate
574,http://www.wikidata.org/entity/Q5520500,Ganapati Bhat
575,http://www.wikidata.org/entity/Q16091592,Kamukara Purushothaman
576,http://www.wikidata.org/entity/Q16842821,Krishna Kant Shukla
577,http://www.wikidata.org/entity/Q16885590,Shahabaz Aman
578,http://www.wikidata.org/entity/Q17011326,Harshit Saxena
579,http://www.wikidata.org/entity/Q18596652,Bipul Chettri
580,http://www.wikidata.org/entity/Q18755781,Tapas Relia
581,http://www.wikidata.org/entity/Q19946975,Milind Chittal
582,http://www.wikidata.org/entity/Q21605360,Jagmohan Sursagar
583,http://www.wikidata.org/entity/Q22276869,Arun Alat
584,http://www.wikidata.org/entity/Q22280342,Prasad Sawkar
585,http://www.wikidata.org/entity/Q23020681,Pramit Sen
586,http://www.wikidata.org/entity/Q23771207,Ashok Hande
587,http://www.wikidata.org/entity/Q23771623,Yazin Nizar
588,http://www.wikidata.org/entity/Q60517217,Rana Mazumder
589,http://www.wikidata.org/entity/Q66902436,Sai Sultan
590,http://www.wikidata.org/entity/Q77652385,Vardaan Arora
591,http://www.wikidata.org/entity/Q89414277,Chetan Slathia
592,http://www.wikidata.org/entity/Q97154116,Mohit Gaur
593,http://www.wikidata.org/entity/Q97320762,Ashish Dubey
594,http://www.wikidata.org/entity/Q104126263,Alok Katdare
595,http://www.wikidata.org/entity/Q104143747,Anil Shrivastava
596,http://www.wikidata.org/entity/Q104423657,Vaishnav Girish
597,http://www.wikidata.org/entity/Q334818,Kazi Nazrul Islam
598,http://www.wikidata.org/entity/Q400849,Ahmad Wali
599,http://www.wikidata.org/entity/Q1705928,Ajay Pohankar
600,http://www.wikidata.org/entity/Q3541518,Tshering Wangdu
601,http://www.wikidata.org/entity/Q3633743,Nagaraja Rao Havaldar
602,http://www.wikidata.org/entity/Q3765059,M. M. Keeravani
603,http://www.wikidata.org/entity/Q5620175,Gurmeet Ram Rahim Singh
604,http://www.wikidata.org/entity/Q5858486,Kshitij Wagh
605,http://www.wikidata.org/entity/Q5927427,Master Saleem
606,http://www.wikidata.org/entity/Q5957418,Krishna Chandra Dey
607,http://www.wikidata.org/entity/Q6098766,Ram Sampath
608,http://www.wikidata.org/entity/Q6191221,Jhusia Damai
609,http://www.wikidata.org/entity/Q6279523,Jose Prakash
610,http://www.wikidata.org/entity/Q6361661,Kandula Mallikarjuna Rao
611,http://www.wikidata.org/entity/Q6368394,Karan Oberoi
612,http://www.wikidata.org/entity/Q6728813,Madurai Mani Iyer
613,http://www.wikidata.org/entity/Q106655898,Aniket Roy
614,http://www.wikidata.org/entity/Q13120253,Yashwant Dev
615,http://www.wikidata.org/entity/Q16012273,Munawar Ali Khan
616,http://www.wikidata.org/entity/Q16018300,Mavelikkara Prabhakara Varma
617,http://www.wikidata.org/entity/Q16057959,Abhay Jodhpurkar
618,http://www.wikidata.org/entity/Q16200846,Krishnan chandran
619,http://www.wikidata.org/entity/Q16204529,Nikhil D'Souza
620,http://www.wikidata.org/entity/Q16215429,Vishnu Mishra
621,http://www.wikidata.org/entity/Q16215863,Tanvir Ahmed Khan
622,http://www.wikidata.org/entity/Q16226176,Sharib Sabri
623,http://www.wikidata.org/entity/Q110665410,Khagen Gogoi
624,http://www.wikidata.org/entity/Q110707555,Yuvanshree Dhayanithi
625,http://www.wikidata.org/entity/Q110868796,Apurba Bezbaruah
626,http://www.wikidata.org/entity/Q111015657,Dukhishyam Tripathy
627,http://www.wikidata.org/entity/Q18434441,Nirmalya Dey
628,http://www.wikidata.org/entity/Q19547897,Kothamangalam Seenu
629,http://www.wikidata.org/entity/Q19609660,Badshah
630,http://www.wikidata.org/entity/Q123404907,Narayanan Ravishankar
631,http://www.wikidata.org/entity/Q21005071,Sandip Bhattacharjee
632,http://www.wikidata.org/entity/Q25999630,Ramachari Komanduri
633,http://www.wikidata.org/entity/Q27044150,Bishnu Mohan Kabi
634,http://www.wikidata.org/entity/Q28147814,Stuart Matthew
635,http://www.wikidata.org/entity/Q28831246,Nav
636,http://www.wikidata.org/entity/Q114978094,Rishi Singh
637,http://www.wikidata.org/entity/Q2763128,Shaktidan Mahidan Langvadara
638,http://www.wikidata.org/entity/Q45192351,Niranj Suresh
639,http://www.wikidata.org/entity/Q46446553,Atul Purohit
640,http://www.wikidata.org/entity/Q4746873,Amit Sana
641,http://www.wikidata.org/entity/Q4746887,Amit Tandon
642,http://www.wikidata.org/entity/Q4761579,Aneek Dhar
643,http://www.wikidata.org/entity/Q4765754,Anjan Dutt
644,http://www.wikidata.org/entity/Q50365056,Gurcharan Pohli
645,http://www.wikidata.org/entity/Q55386702,Deepankuran Kaithapram
646,http://www.wikidata.org/entity/Q115099659,Anurag Das
647,http://www.wikidata.org/entity/Q116724452,Nishanta Hriday
648,http://www.wikidata.org/entity/Q116947004,Baabarr Mudacer
649,http://www.wikidata.org/entity/Q117711976,Siddharth Mohan
650,http://www.wikidata.org/entity/Q123406428,Aravind Srinivas
651,http://www.wikidata.org/entity/Q123056410,Rajith Kumar K.M
652,http://www.wikidata.org/entity/Q123404841,Sudharshan Ashok
653,http://www.wikidata.org/entity/Q123404904,T.S. Sarath Santhosh
654,http://www.wikidata.org/entity/Q123404911,Vignesh Narayanan G
655,http://www.wikidata.org/entity/Q123406361,Kaushik Krish
656,http://www.wikidata.org/entity/Q123406411,V.M. Mahalingam
657,http://www.wikidata.org/entity/Q123406468,Sarath Santhosh
658,http://www.wikidata.org/entity/Q123406510,Chanderan Chan
659,http://www.wikidata.org/entity/Q123411877,Sreekanth Hariharan
660,http://www.wikidata.org/entity/Q123411926,Prudhvi Chandra
661,http://www.wikidata.org/entity/Q123411976,Naveen Madhav
662,http://www.wikidata.org/entity/Q123412006,Shoba Sekar
663,http://www.wikidata.org/entity/Q123412026,Archith
664,http://www.wikidata.org/entity/Q123412056,Mahesh Vinayakram
665,http://www.wikidata.org/entity/Q123415027,CB Vinith
666,http://www.wikidata.org/entity/Q123415494,Amal Raj
667,http://www.wikidata.org/entity/Q123419653,Arun Kamath
668,http://www.wikidata.org/entity/Q123459542,Ravindra Upadhyay
669,http://www.wikidata.org/entity/Q123459558,IP Singh
670,http://www.wikidata.org/entity/Q123459567,Rishikesh Kamerkar
671,http://www.wikidata.org/entity/Q123474008,Gana Ulaganathan
672,http://www.wikidata.org/entity/Q123483019,Subash Kavi
673,http://www.wikidata.org/entity/Q123484468,Vaisagh
674,http://www.wikidata.org/entity/Q123484786,Deepak S
675,http://www.wikidata.org/entity/Q123484837,Senthil Doss
676,http://www.wikidata.org/entity/Q123484841,Kapil Kapilan
677,http://www.wikidata.org/entity/Q123484861,Sithan Jayamoorthy
678,http://www.wikidata.org/entity/Q86952094,Gopal Chandra Panda
679,http://www.wikidata.org/entity/Q100150857,Satrujit Dasgupta
680,http://www.wikidata.org/entity/Q101676102,Rohit Kumar Chaudhary
681,http://www.wikidata.org/entity/Q116951997,Rish
682,http://www.wikidata.org/entity/Q106353756,Puneet Sharma
683,http://www.wikidata.org/entity/Q123412066,Balachandran
684,http://www.wikidata.org/entity/Q123253344,Sai Chand
685,http://www.wikidata.org/entity/Q4022189,Srikanto Acharya
686,http://www.wikidata.org/entity/Q56760284,Jigardan Gadhavi
687,http://www.wikidata.org/entity/Q4751472,Ananth Vaidyanathan
688,http://www.wikidata.org/entity/Q4761956,Angaraag Mahanta
689,http://www.wikidata.org/entity/Q4778007,Anwar Hussain
690,http://www.wikidata.org/entity/Q5102517,Chittoor Nagaiah
691,http://www.wikidata.org/entity/Q5250660,Deepu
692,http://www.wikidata.org/entity/Q5431325,Faiyaz Khan
693,http://www.wikidata.org/entity/Q6986748,Neelakantan Nambisan
694,http://www.wikidata.org/entity/Q7129369,Pammi Bai
695,http://www.wikidata.org/entity/Q7198927,Pithapuram Nageswara Rao
696,http://www.wikidata.org/entity/Q7293148,Ranjit Barot
697,http://www.wikidata.org/entity/Q7296635,Ravi Khote
698,http://www.wikidata.org/entity/Q7336736,Rithvik Raja
699,http://www.wikidata.org/entity/Q7368183,Roseferns
700,http://www.wikidata.org/entity/Q7387804,S. Rajeswara Rao
701,http://www.wikidata.org/entity/Q7396738,Sachin Gupta
702,http://www.wikidata.org/entity/Q7404538,Saleel Kulkarni
703,http://www.wikidata.org/entity/Q7462450,Shail Hada
704,http://www.wikidata.org/entity/Q113318881,Arindam Ganguly
705,http://www.wikidata.org/entity/Q7633782,Sudhin Dasgupta
706,http://www.wikidata.org/entity/Q7646359,Surinder Shinda
707,http://www.wikidata.org/entity/Q7929158,Vijay Koparkar
708,http://www.wikidata.org/entity/Q7929203,Vijay Sardeshmukh
709,http://www.wikidata.org/entity/Q8162802,Sukhraj Aujla
710,http://www.wikidata.org/entity/Q12201556,S Shankar
711,http://www.wikidata.org/entity/Q108781851,Udit Bhanu
712,http://www.wikidata.org/entity/Q118115171,Anath Nath Basu
713,http://www.wikidata.org/entity/Q5564076,Gippy Grewal
714,http://www.wikidata.org/entity/Q5564300,Girish Panchwadkar
715,http://www.wikidata.org/entity/Q5587536,Gostho Gopal Das
716,http://www.wikidata.org/entity/Q17015163,Vipin Aneja
717,http://www.wikidata.org/entity/Q17478678,Rajdeep Chatterjee
718,http://www.wikidata.org/entity/Q17581426,Jolly Abraham
719,http://www.wikidata.org/entity/Q6881637,Mithoon
720,http://www.wikidata.org/entity/Q6892073,Mohammad Irfan Ali
721,http://www.wikidata.org/entity/Q124171545,Anurag Dixit
722,http://www.wikidata.org/entity/Q115942227,Rabiul Rhmn
723,http://www.wikidata.org/entity/Q121087741,Salkhan Soren
724,http://www.wikidata.org/entity/Q97251157,Robin Majumder
725,http://www.wikidata.org/entity/Q122421492,Sarwar Khan
726,http://www.wikidata.org/entity/Q97261746,Gokul Srichandan
727,http://www.wikidata.org/entity/Q113379761,Shooter Kahlon
728,http://www.wikidata.org/entity/Q113195586,Abhi the Nomad
729,http://www.wikidata.org/entity/Q118976495,Naveen Koomar
730,http://www.wikidata.org/entity/Q118115105,Swapan Gupta
731,http://www.wikidata.org/entity/Q121087735,Pradhan Hembrom
732,http://www.wikidata.org/entity/Q121433834,Hsevras Edrok
733,http://www.wikidata.org/entity/Q121435862,Bholanath Bhatt
734,http://www.wikidata.org/entity/Q123360323,Abhishek Malhan
735,http://www.wikidata.org/entity/Q31496528,Shekar Chandra
736,http://www.wikidata.org/entity/Q122238671,Raghveer Boli
737,http://www.wikidata.org/entity/Q122421574,Chandramani Lenka
738,http://www.wikidata.org/entity/Q123113837,Menaka Thakur
739,http://www.wikidata.org/entity/Q123177327,Monsoonsiren
740,http://www.wikidata.org/entity/Q123180272,Master Karthik
741,http://www.wikidata.org/entity/Q123223957,Girin Chakraborty
742,http://www.wikidata.org/entity/Q123290578,Dilip Kumar Roy (1917 - 2022)
743,http://www.wikidata.org/entity/Q123404505,Hiphop Tamizha Adhi
744,http://www.wikidata.org/entity/Q123484921,MC Rude
745,http://www.wikidata.org/entity/Q123555242,Sudhin Sarkar
746,http://www.wikidata.org/entity/Q123555388,Agnibha Bandyopadhyay
747,http://www.wikidata.org/entity/Q123556424,Sounak Chattopadhyay
748,http://www.wikidata.org/entity/Q123565559,Shankar Qawwal
749,http://www.wikidata.org/entity/Q124329678,Insane Ashraf
750,http://www.wikidata.org/entity/Q124432568,Siddhant Arora
751,http://www.wikidata.org/entity/Q124488286,Premanand Maharaj
752,http://www.wikidata.org/entity/Q124638662,Nabadwip Chandra Brajabasi
753,http://www.wikidata.org/entity/Q31367757,Krishnaraj
754,http://www.wikidata.org/entity/Q110120294,Q110120294
755,http://www.wikidata.org/entity/Q110260598,Q110260598
756,http://www.wikidata.org/entity/Q29452524,Methaneilie Solo
757,http://www.wikidata.org/entity/Q113624730,Q113624730
758,http://www.wikidata.org/entity/Q12975792,I. S. Murugese
759,http://www.wikidata.org/entity/Q105632493,Keshab Dey
760,http://www.wikidata.org/entity/Q106449973,Jassa Dhillon
761,http://www.wikidata.org/entity/Q106634881,Mehul Surti
762,http://www.wikidata.org/entity/Q106735272,Mantu Chhuria
763,http://www.wikidata.org/entity/Q108211162,Dixant Shaurya
764,http://www.wikidata.org/entity/Q109431650,Vreegu Kashyap
765,http://www.wikidata.org/entity/Q111649845,Debasish Mohapatra
766,http://www.wikidata.org/entity/Q120489852,Prateek Pattanaik
767,http://www.wikidata.org/entity/Q119885342,Vikash Kumar
768,http://www.wikidata.org/entity/Q106583696,Gourab Sarkar
769,http://www.wikidata.org/entity/Q282147,Rahim Bakhsh
770,http://www.wikidata.org/entity/Q781236,White Town
771,http://www.wikidata.org/entity/Q104456321,Ranajoy Bhattacharjee
772,http://www.wikidata.org/entity/Q948067,Joi Barua
773,http://www.wikidata.org/entity/Q1189576,Anuj Sharma
774,http://www.wikidata.org/entity/Q2051059,Biju Narayanan
775,http://www.wikidata.org/entity/Q2051655,Suresh Peters
776,http://www.wikidata.org/entity/Q2754818,Garimella Balakrishna Prasad
777,http://www.wikidata.org/entity/Q2892422,Pannalal Bhattacharya
778,http://www.wikidata.org/entity/Q2917376,Mohit Chauhan
779,http://www.wikidata.org/entity/Q3349799,Paban Das Baul
780,http://www.wikidata.org/entity/Q3521487,Karthik
781,http://www.wikidata.org/entity/Q2843494,Amir Khan
782,http://www.wikidata.org/entity/Q2344606,Sukhwinder Singh
783,http://www.wikidata.org/entity/Q2097394,Vishnuvardhan
784,http://www.wikidata.org/entity/Q7636931,Suman Ghosh
785,http://www.wikidata.org/entity/Q99472392,Sujoy Bhoumik
786,http://www.wikidata.org/entity/Q99947333,Mahesh Mahadev
787,http://www.wikidata.org/entity/Q100255482,Shreyan Bhattacharya
788,http://www.wikidata.org/entity/Q17581433,Thoppil Anto
789,http://www.wikidata.org/entity/Q17989551,Koushik Bhattacharjee
790,http://www.wikidata.org/entity/Q18211443,Anuj (Ramanuj) Sharma
791,http://www.wikidata.org/entity/Q102393511,Ramarao Patro
792,http://www.wikidata.org/entity/Q19893995,Millind Gaba
793,http://www.wikidata.org/entity/Q104247430,Shakti Thakur
794,http://www.wikidata.org/entity/Q20608922,Bhai Baldeep Singh
795,http://www.wikidata.org/entity/Q20643211,Mickey Singh
796,http://www.wikidata.org/entity/Q20684308,Arjun Kanungo
797,http://www.wikidata.org/entity/Q22813458,Shekhar Ravjiani
798,http://www.wikidata.org/entity/Q22958313,Hesham Abdul Wahab
799,http://www.wikidata.org/entity/Q23008578,Kalamandalam Gangadharan Nair
800,http://www.wikidata.org/entity/Q25146362,Akhtar Hussain
801,http://www.wikidata.org/entity/Q108119518,Pawandeep Rajan
802,http://www.wikidata.org/entity/Q108858353,Rajat Singla
803,http://www.wikidata.org/entity/Q114839135,Gaurav Anand
804,http://www.wikidata.org/entity/Q114857740,Debesh Pati
805,http://www.wikidata.org/entity/Q114858102,Kumar Bapi
806,http://www.wikidata.org/entity/Q114876305,Aziz Nazan Qawwal
807,http://www.wikidata.org/entity/Q2051231,Hariharan
808,http://www.wikidata.org/entity/Q7283409,Rahim Fahimuddin Dagar
809,http://www.wikidata.org/entity/Q612167,Anu Malik
810,http://www.wikidata.org/entity/Q1395430,Himesh Reshammiya
811,http://www.wikidata.org/entity/Q2051309,P. Jayachandran
812,http://www.wikidata.org/entity/Q2722881,Avinash Vyas
813,http://www.wikidata.org/entity/Q2723731,Birju Maharaj
814,http://www.wikidata.org/entity/Q2767302,Bhikhudan Gadhavi
815,http://www.wikidata.org/entity/Q2821596,Abhijeet Bhattacharya
816,http://www.wikidata.org/entity/Q2879782,Rupam Islam
817,http://www.wikidata.org/entity/Q3179348,Jnan Prakash Ghosh
818,http://www.wikidata.org/entity/Q3368586,Aman Hayer
819,http://www.wikidata.org/entity/Q15104975,Raaj J Konwar
820,http://www.wikidata.org/entity/Q4837608,Babbu Maan
821,http://www.wikidata.org/entity/Q19665341,Divya Kumar
822,http://www.wikidata.org/entity/Q16013799,Prasun Banerjee
823,http://www.wikidata.org/entity/Q6067643,Pawan Kalyan
824,http://www.wikidata.org/entity/Q7117510,P. S. Narayanaswamy
825,http://www.wikidata.org/entity/Q7140264,Parthiv Gohil
826,http://www.wikidata.org/entity/Q7273908,R. Paramashivan
827,http://www.wikidata.org/entity/Q7286297,Rajkumar Shyamanand Sinha
828,http://www.wikidata.org/entity/Q7299442,Raza Ali Khan
829,http://www.wikidata.org/entity/Q7395655,Saandip
830,http://www.wikidata.org/entity/Q7504185,Shriram Iyer
831,http://www.wikidata.org/entity/Q7554623,Sohail Sen
832,http://www.wikidata.org/entity/Q7586493,Sriram Parasuram
833,http://www.wikidata.org/entity/Q7668495,T. M. Krishna
834,http://www.wikidata.org/entity/Q7876960,Uday Bhawalkar
835,http://www.wikidata.org/entity/Q7919245,Velmurugan
836,http://www.wikidata.org/entity/Q7929157,Vijay Kichlu
837,http://www.wikidata.org/entity/Q7929213,Vijay Siva
838,http://www.wikidata.org/entity/Q7933508,Vipul Mehta
839,http://www.wikidata.org/entity/Q9543,Salman Khan
840,http://www.wikidata.org/entity/Q108560,A. R. Rahman
841,http://www.wikidata.org/entity/Q21284596,Ranjit Bawa
842,http://www.wikidata.org/entity/Q1022556,C. Ramchandra
843,http://www.wikidata.org/entity/Q1752193,Nikhil Mathew
844,http://www.wikidata.org/entity/Q2048851,A. M. Rajah
845,http://www.wikidata.org/entity/Q2051737,G. Venugopal
846,http://www.wikidata.org/entity/Q13115524,Arun Date
847,http://www.wikidata.org/entity/Q3521589,P. Unni Krishnan
848,http://www.wikidata.org/entity/Q15454040,Sukhawat Ali Khan
849,http://www.wikidata.org/entity/Q15724412,Nimai Charan Harichandan
850,http://www.wikidata.org/entity/Q15934756,T. M. Thiagarajan
851,http://www.wikidata.org/entity/Q15993683,Najim Arshad
852,http://www.wikidata.org/entity/Q16018297,Skendrowell Syiemlieh
853,http://www.wikidata.org/entity/Q16742235,Pankaj Raj
854,http://www.wikidata.org/entity/Q19599562,Saisharan
855,http://www.wikidata.org/entity/Q19895932,S. N. Tripathi
856,http://www.wikidata.org/entity/Q21266406,Ganesh Sundaram
857,http://www.wikidata.org/entity/Q21574166,Mr. Vgrooves
858,http://www.wikidata.org/entity/Q24851620,Noel Sean
859,http://www.wikidata.org/entity/Q28777628,LV Revanth
860,http://www.wikidata.org/entity/Q28912515,Kalika Prasad Bhattacharya
861,http://www.wikidata.org/entity/Q43948025,Narayanrao Bodas
862,http://www.wikidata.org/entity/Q52106850,Gurshabad Singh
863,http://www.wikidata.org/entity/Q55759883,Roll Rida
864,http://www.wikidata.org/entity/Q59276249,Rathin Kisku
865,http://www.wikidata.org/entity/Q63974994,Supen Chakma
866,http://www.wikidata.org/entity/Q55825307,Ravinder Kumar Raju
867,http://www.wikidata.org/entity/Q110304642,Sahdev Dirdo
868,http://www.wikidata.org/entity/Q9570,Amitabh Bachchan
869,http://www.wikidata.org/entity/Q4723367,Alfred Rose
870,http://www.wikidata.org/entity/Q7586443,Srinivas
871,http://www.wikidata.org/entity/Q6366618,Kapil Sharma
872,http://www.wikidata.org/entity/Q7244096,Prince Jacob
873,http://www.wikidata.org/entity/Q3633978,Pritam Chakraborty
874,http://www.wikidata.org/entity/Q7294880,Rashid Ali
875,http://www.wikidata.org/entity/Q96464362,Sk. Saquib Alam
876,http://www.wikidata.org/entity/Q98773730,Parmish Verma
877,http://www.wikidata.org/entity/Q99469239,AP Dhillon
878,http://www.wikidata.org/entity/Q99842759,Yashraj Mukhate
879,http://www.wikidata.org/entity/Q107391678,Altaf Sabri
880,http://www.wikidata.org/entity/Q107566245,Amal Mukhopadhyay
881,http://www.wikidata.org/entity/Q107635715,Bibhuranjan Choudhury
882,http://www.wikidata.org/entity/Q107720691,Surjit Bhullar
883,http://www.wikidata.org/entity/Q4746891,Amit Trivedi
884,http://www.wikidata.org/entity/Q108395725,Krishnamoni Chutia
885,http://www.wikidata.org/entity/Q108597106,Krishnamoni Nath
886,http://www.wikidata.org/entity/Q110914281,Diler Kharkiya
887,http://www.wikidata.org/entity/Q110975126,Bhuban Badyakar
888,http://www.wikidata.org/entity/Q111127492,Abhijeet Mishra
889,http://www.wikidata.org/entity/Q111902079,Akash Boro
890,http://www.wikidata.org/entity/Q111950326,Bibu Das
891,http://www.wikidata.org/entity/Q112275924,PVR Raja
892,http://www.wikidata.org/entity/Q7420654,Santosh Joshi
893,http://www.wikidata.org/entity/Q3530897,Ariyakudi Ramanuja Iyengar
894,http://www.wikidata.org/entity/Q3632518,Raghav Sachar
895,http://www.wikidata.org/entity/Q3634007,Kishan Maharaj
896,http://www.wikidata.org/entity/Q4022198,Sandeep Acharya
897,http://www.wikidata.org/entity/Q4661119,Aadesh Shrivastava
898,http://www.wikidata.org/entity/Q4804404,Ash King
899,http://www.wikidata.org/entity/Q5584286,Gopi Sundar
900,http://www.wikidata.org/entity/Q6128285,Silajit Majumder
901,http://www.wikidata.org/entity/Q6443494,Kumar Navaratnam
902,http://www.wikidata.org/entity/Q6480035,Lal Chand Yamla Jatt
903,http://www.wikidata.org/entity/Q6727283,Madhav Gudi
904,http://www.wikidata.org/entity/Q6728818,Madurai Pushpavanam
905,http://www.wikidata.org/entity/Q6750656,Manmohan Waris
906,http://www.wikidata.org/entity/Q6933647,Mukul Shivputra
907,http://www.wikidata.org/entity/Q6947807,Sreerama Chandra
908,http://www.wikidata.org/entity/Q7021508,Neyyattinkara Vasudevan
909,http://www.wikidata.org/entity/Q7049400,Nongmaithem Pahari
910,http://www.wikidata.org/entity/Q7402910,Saketharaman
911,http://www.wikidata.org/entity/Q7423826,Sardool Sikander
912,http://www.wikidata.org/entity/Q7878929,Ulhas Kashalkar
913,http://www.wikidata.org/entity/Q7908689,Vaibhav Saxena
914,http://www.wikidata.org/entity/Q7972651,Wasifuddin Dagar
915,http://www.wikidata.org/entity/Q7289430,Ramesh Narayan
916,http://www.wikidata.org/entity/Q3536892,Arjun Sarja
917,http://www.wikidata.org/entity/Q3595111,Kavi Pradeep
918,http://www.wikidata.org/entity/Q3595869,Talat Mahmood
919,http://www.wikidata.org/entity/Q3631714,Mika Singh
920,http://www.wikidata.org/entity/Q3631825,Prashant Tamang
921,http://www.wikidata.org/entity/Q4495353,Musharaff Moulamia Khan
922,http://www.wikidata.org/entity/Q4902203,Bhurji Khan
923,http://www.wikidata.org/entity/Q16195026,Daboo Malik
924,http://www.wikidata.org/entity/Q16201231,Chetan Shashital
925,http://www.wikidata.org/entity/Q16202118,Ravindra Sathe
926,http://www.wikidata.org/entity/Q6065729,Iqbal Ahmad Khan
927,http://www.wikidata.org/entity/Q6164127,Jaspreet Jasz
928,http://www.wikidata.org/entity/Q6172986,Jeet Ganguly
929,http://www.wikidata.org/entity/Q6344715,Kachra Khan
930,http://www.wikidata.org/entity/Q6403191,Khushi Murali
931,http://www.wikidata.org/entity/Q6437423,Krishna Iyer
932,http://www.wikidata.org/entity/Q17565430,Ramhari Das
933,http://www.wikidata.org/entity/Q7283389,Rahi Chakraborty
934,http://www.wikidata.org/entity/Q7283586,Rahul Deshpande
935,http://www.wikidata.org/entity/Q7283621,Rahul Seth
936,http://www.wikidata.org/entity/Q7288871,Raman Mahadevan
937,http://www.wikidata.org/entity/Q7295854,Ratnakar Pai
938,http://www.wikidata.org/entity/Q7380207,Rupankar Bagchi
939,http://www.wikidata.org/entity/Q7418652,Sankaran Embranthiri
940,http://www.wikidata.org/entity/Q7420421,Santidev Ghosh
941,http://www.wikidata.org/entity/Q17994542,Gajendra Verma
942,http://www.wikidata.org/entity/Q7496960,Shimoga Subbanna
943,http://www.wikidata.org/entity/Q7505962,Shyamal Mitra
944,http://www.wikidata.org/entity/Q7561675,Soni Pabla
945,http://www.wikidata.org/entity/Q7585744,Sreevalsan J Menon
946,http://www.wikidata.org/entity/Q20087829,Dilip Dholakia
947,http://www.wikidata.org/entity/Q106819396,Maran
948,http://www.wikidata.org/entity/Q48472823,Biby Mathew
949,http://www.wikidata.org/entity/Q48472895,Eldhose Alias
950,http://www.wikidata.org/entity/Q63242826,Amar Pal
951,http://www.wikidata.org/entity/Q4781922,Rashid Khan
952,http://www.wikidata.org/entity/Q90156849,Faizan Showkat
953,http://www.wikidata.org/entity/Q4683085,Aditya Narayan
954,http://www.wikidata.org/entity/Q6163873,Jaspal Singh
955,http://www.wikidata.org/entity/Q93887505,Vayu Shrivastav
956,http://www.wikidata.org/entity/Q27070617,Gopal Chandra Panda
957,http://www.wikidata.org/entity/Q114874091,Tarique Aziz
958,http://www.wikidata.org/entity/Q115243552,Mevada Tirth
959,http://www.wikidata.org/entity/Q110268239,Robin Majumdar
960,http://www.wikidata.org/entity/Q110309000,Kuldeep Patanaik
961,http://www.wikidata.org/entity/Q11732870,K. R. Ramaswamy
962,http://www.wikidata.org/entity/Q113367890,Abeer Arora
963,http://www.wikidata.org/entity/Q114853849,Sourav Nayak
964,http://www.wikidata.org/entity/Q114857122,Ashutosh Sarangi
965,http://www.wikidata.org/entity/Q48720180,Justin James
966,http://www.wikidata.org/entity/Q55759824,Sidhu Moose Wala
967,http://www.wikidata.org/entity/Q19571928,Diwakar
968,http://www.wikidata.org/entity/Q2051781,Vineeth Sreenivasan
969,http://www.wikidata.org/entity/Q2051905,Vijay Yesudas
970,http://www.wikidata.org/entity/Q2383234,T. A. S. Mani
971,http://www.wikidata.org/entity/Q2553609,C. Aswath
972,http://www.wikidata.org/entity/Q2679233,Yo Yo Honey Singh
973,http://www.wikidata.org/entity/Q2723854,Pankaj Udhas
974,http://www.wikidata.org/entity/Q2723913,Sachin Dev Burman
975,http://www.wikidata.org/entity/Q2737017,Mahendra Kapoor
976,http://www.wikidata.org/entity/Q3181097,Suresh Wadkar
977,http://www.wikidata.org/entity/Q3349381,Hemanga Biswas
978,http://www.wikidata.org/entity/Q3350306,Anup Ghoshal
979,http://www.wikidata.org/entity/Q3459078,Sarbjit Singh Chadha
980,http://www.wikidata.org/entity/Q4668938,Inderjit Nikku
981,http://www.wikidata.org/entity/Q4699183,Aishwarya Nigam
982,http://www.wikidata.org/entity/Q5006796,C. R. Vyas
983,http://www.wikidata.org/entity/Q5094158,Chetan Sosca
984,http://www.wikidata.org/entity/Q5094774,Chhannulal Mishra
985,http://www.wikidata.org/entity/Q5227750,Datta Walvekar
986,http://www.wikidata.org/entity/Q5266478,Devan Ekambaram
987,http://www.wikidata.org/entity/Q5268908,Dhananjay Bhattacharya
988,http://www.wikidata.org/entity/Q5276830,Diljit Dosanjh
989,http://www.wikidata.org/entity/Q5556003,Ghazal Srinivas
990,http://www.wikidata.org/entity/Q5584199,Gopal Shankar Misra
991,http://www.wikidata.org/entity/Q5650648,Hans Raj Hans
992,http://www.wikidata.org/entity/Q5756686,Jim Ankan Deka
993,http://www.wikidata.org/entity/Q6026943,Indranil Sen
994,http://www.wikidata.org/entity/Q6965773,Narendra Chanchal
995,http://www.wikidata.org/entity/Q7034881,Nikhil Paul George
996,http://www.wikidata.org/entity/Q7240492,Premji Amaren
997,http://www.wikidata.org/entity/Q7259168,Pulak Bandyopadhyay
998,http://www.wikidata.org/entity/Q7678941,Talat Aziz
999,http://www.wikidata.org/entity/Q7801497,Tiger Varadachariar
1000,http://www.wikidata.org/entity/Q7876958,Uday Benegal
1001,http://www.wikidata.org/entity/Q7912919,Vamanrao Deshpande
1002,http://www.wikidata.org/entity/Q7932574,Vinit Singh
1003,http://www.wikidata.org/entity/Q11054789,Krishna Beuraa
1004,http://www.wikidata.org/entity/Q11792308,Ninad Kamat
1005,http://www.wikidata.org/entity/Q12062330,Sundar Narayana Rao
1006,http://www.wikidata.org/entity/Q12155903,Arjun Sasi
1007,http://www.wikidata.org/entity/Q13111472,K. S. George
1008,http://www.wikidata.org/entity/Q13111490,K. P. Udayabhanu
1009,http://www.wikidata.org/entity/Q13455620,Ajit Pandey
1010,http://www.wikidata.org/entity/Q3595213,Lucky Ali
1011,http://www.wikidata.org/entity/Q3633266,Sudhir Phadke
1012,http://www.wikidata.org/entity/Q4241855,V.R. Raghava Krishna
1013,http://www.wikidata.org/entity/Q14920305,Sippy Gill
1014,http://www.wikidata.org/entity/Q15142052,M.K. Sankaran Namboothiri
1015,http://www.wikidata.org/entity/Q4699702,Ajeesh
1016,http://www.wikidata.org/entity/Q15258982,Rajkumar Bharathi
1017,http://www.wikidata.org/entity/Q5215668,Dandapani Desikar
1018,http://www.wikidata.org/entity/Q16013493,Ramesh L. Nadkarni
1019,http://www.wikidata.org/entity/Q16201413,Shrikant Narayan
1020,http://www.wikidata.org/entity/Q16201907,Hrishikesh Ranade
1021,http://www.wikidata.org/entity/Q6036807,N. C. Karunya
1022,http://www.wikidata.org/entity/Q6100733,Ravinder Grewal
1023,http://www.wikidata.org/entity/Q6214794,Joginder Shelly
1024,http://www.wikidata.org/entity/Q16734853,T. S. Raghavendra
1025,http://www.wikidata.org/entity/Q16885983,Baba Harballabh
1026,http://www.wikidata.org/entity/Q17495669,Mohammed Aslam
1027,http://www.wikidata.org/entity/Q17495679,Pappukutty Bhagavathar
1028,http://www.wikidata.org/entity/Q18066921,Sarat Nayak
1029,http://www.wikidata.org/entity/Q18126634,Arun Kashalkar
1030,http://www.wikidata.org/entity/Q18707151,K. S. L. Swamy
1031,http://www.wikidata.org/entity/Q19668615,Mayukh Hazarika
1032,http://www.wikidata.org/entity/Q19894091,Manjapra Mohan
1033,http://www.wikidata.org/entity/Q19898672,Aaman Trikha
1034,http://www.wikidata.org/entity/Q20684742,Vinay Chandra Maudgalya
1035,http://www.wikidata.org/entity/Q21285560,Ikka Singh
1036,http://www.wikidata.org/entity/Q23001132,Aneesh Pradhan
1037,http://www.wikidata.org/entity/Q23415194,K. K. Nishad
1038,http://www.wikidata.org/entity/Q23900905,Krishnarao Shankar Pandit
1039,http://www.wikidata.org/entity/Q26220976,Nrusinghanath Khuntia
1040,http://www.wikidata.org/entity/Q28094770,Raj Brar
1041,http://www.wikidata.org/entity/Q28125529,Gangadhara Sastry
1042,http://www.wikidata.org/entity/Q28370128,Anirban Bhattacharya
1043,http://www.wikidata.org/entity/Q29886370,H. Sayeeduddin Dagar
1044,http://www.wikidata.org/entity/Q30348681,Ahan Vaani Vatish
1045,http://www.wikidata.org/entity/Q31494722,Sripada Jithmohan Mitra
1046,http://www.wikidata.org/entity/Q98767237,Ayan Biswas
1047,http://www.wikidata.org/entity/Q48472875,Jim Jacob
1048,http://www.wikidata.org/entity/Q54358327,Shreyan Chattopadhyay
1049,http://www.wikidata.org/entity/Q58494489,Ankush Bhardwaj
1050,http://www.wikidata.org/entity/Q105882033,Durga Charan Ranbir
1051,http://www.wikidata.org/entity/Q117305113,Susovan Sonu Roy
1052,http://www.wikidata.org/entity/Q107177027,Gurdeep Pandher
1053,http://www.wikidata.org/entity/Q55496298,Janmejay Sai Babu
1054,http://www.wikidata.org/entity/Q113192726,Ananda Sindria
1055,http://www.wikidata.org/entity/Q113192720,Brahmananda
1056,http://www.wikidata.org/entity/Q113192722,Durga Prasad Dash
1057,http://www.wikidata.org/entity/Q113192736,Paramananda Swain
1058,http://www.wikidata.org/entity/Q233619,Hrithik Roshan
1059,http://www.wikidata.org/entity/Q5431065,Faisal Khan
1060,http://www.wikidata.org/entity/Q16226063,Robert
1061,http://www.wikidata.org/entity/Q3595523,Vempati Chinna Satyam
1062,http://www.wikidata.org/entity/Q4777763,Anuj Sawhney
1063,http://www.wikidata.org/entity/Q5102362,Chitresh Das
1064,http://www.wikidata.org/entity/Q6441640,Kudamaloor Karunakaran Nair
1065,http://www.wikidata.org/entity/Q6750547,Mankompu Sivasankara Pillai
1066,http://www.wikidata.org/entity/Q113192740,Janakram Barik
1067,http://www.wikidata.org/entity/Q113192737,Nisan Ahmed Nisar
1068,http://www.wikidata.org/entity/Q113192742,Rabiratan Sahoo
1069,http://www.wikidata.org/entity/Q7929174,Vijay Madhavan
1070,http://www.wikidata.org/entity/Q15264319,Raghuram
1071,http://www.wikidata.org/entity/Q10296530,Sushant Singh Rajput
1072,http://www.wikidata.org/entity/Q3417489,Raghunath Manet
1073,http://www.wikidata.org/entity/Q98815038,Aata Sandeep
1074,http://www.wikidata.org/entity/Q7288471,Ram Gopal
1075,http://www.wikidata.org/entity/Q4810506,Astad Deboo
1076,http://www.wikidata.org/entity/Q16729174,Rajendra Gangani
1077,http://www.wikidata.org/entity/Q17403267,Parshwanath Upadhye
1078,http://www.wikidata.org/entity/Q6726544,Madavoor Vasudevan Nair
1079,http://www.wikidata.org/entity/Q6749395,Mani Damodara Chakyar
1080,http://www.wikidata.org/entity/Q6794224,Mavin Khoo
1081,http://www.wikidata.org/entity/Q113192717,Muralidhar Patel
1082,http://www.wikidata.org/entity/Q113192729,Nilachala Nanda
1083,http://www.wikidata.org/entity/Q113192721,Ratan KumarPujari
1084,http://www.wikidata.org/entity/Q18811006,Deba Prasad Das
1085,http://www.wikidata.org/entity/Q19664679,Rajkumar Achouba Singh
1086,http://www.wikidata.org/entity/Q105073614,Radhe Shyam Barle
1087,http://www.wikidata.org/entity/Q20684899,Gambhir Singh Mura
1088,http://www.wikidata.org/entity/Q116458491,Ajay Kumar Mandavi
1089,http://www.wikidata.org/entity/Q6935503,Mumtaz Ali
1090,http://www.wikidata.org/entity/Q5006901,C. V. Chandrasekhar
1091,http://www.wikidata.org/entity/Q6960746,Nakuul Mehta
1092,http://www.wikidata.org/entity/Q7405424,Salman Yusuff Khan
1093,http://www.wikidata.org/entity/Q113163110,Goulakha Gouda
1094,http://www.wikidata.org/entity/Q113192746,Dhyananda Panda
1095,http://www.wikidata.org/entity/Q113192730,Uddhab Bhitria
1096,http://www.wikidata.org/entity/Q7701944,Terence Lewis
1097,http://www.wikidata.org/entity/Q18575881,Makar Dhwaja Darogha
1098,http://www.wikidata.org/entity/Q18618641,Saswat Joshi
1099,http://www.wikidata.org/entity/Q18685800,Gopal Prasad Dubey
1100,http://www.wikidata.org/entity/Q22007341,Shyama Charan Pati
1101,http://www.wikidata.org/entity/Q6350343,Kalamandalam Krishnan Nair
1102,http://www.wikidata.org/entity/Q6434270,Kottakkal Sivaraman
1103,http://www.wikidata.org/entity/Q113192716,Jayant Kumar Behera
1104,http://www.wikidata.org/entity/Q113192739,Premraj Behera
1105,http://www.wikidata.org/entity/Q113192723,Sasanka Sekhar Dubey
1106,http://www.wikidata.org/entity/Q20650058,Shyam Yadav
1107,http://www.wikidata.org/entity/Q986853,Jeetumoni Kalita
1108,http://www.wikidata.org/entity/Q61061669,Manu
1109,http://www.wikidata.org/entity/Q3380680,Nataraja Ramakrishna
1110,http://www.wikidata.org/entity/Q4747167,Ammannur Rajaneesh Chakyar
1111,http://www.wikidata.org/entity/Q5248875,Jagannatha Varma
1112,http://www.wikidata.org/entity/Q5269374,Dharmesh Yelande
1113,http://www.wikidata.org/entity/Q47813851,S. Ganesa Iyer
1114,http://www.wikidata.org/entity/Q113192743,"Sriram Luhar,"
1115,http://www.wikidata.org/entity/Q18808352,Kavungal Chathunni Panicker
1116,http://www.wikidata.org/entity/Q319491,Shahid Kapoor
1117,http://www.wikidata.org/entity/Q1395441,Mani Madhava Chakyar
1118,http://www.wikidata.org/entity/Q11854216,Bhaskar Roy Chowdhury
1119,http://www.wikidata.org/entity/Q5316381,Durga Lal
1120,http://www.wikidata.org/entity/Q15992769,K.P. Bhaskar
1121,http://www.wikidata.org/entity/Q16015794,Pankaj Charan Das
1122,http://www.wikidata.org/entity/Q16735140,Revanta Sarabhai
1123,http://www.wikidata.org/entity/Q124363832,Nepal Chandra Sutradhar
1124,http://www.wikidata.org/entity/Q16197076,Ashley Lobo
1125,http://www.wikidata.org/entity/Q16209728,Raghav Juyal
1126,http://www.wikidata.org/entity/Q16346877,Sudhangshu Singh Deo
1127,http://www.wikidata.org/entity/Q88213116,Yuvraj Singh
1128,http://www.wikidata.org/entity/Q17466540,Kalamandalam Sivan Namboodiri
1129,http://www.wikidata.org/entity/Q7296622,Ravi Dubey
1130,http://www.wikidata.org/entity/Q7487472,Shambhu Maharaj
1131,http://www.wikidata.org/entity/Q18350684,Akshat Singh
1132,http://www.wikidata.org/entity/Q16009360,Chenganoor Raman Pillai
1133,http://www.wikidata.org/entity/Q18943405,Sudhakar Sahu
1134,http://www.wikidata.org/entity/Q9535,Shah Rukh Khan
1135,http://www.wikidata.org/entity/Q106982578,Sherif
1136,http://www.wikidata.org/entity/Q113192732,Debaraj Chhatriya
1137,http://www.wikidata.org/entity/Q113192719,Ranjit Nag
1138,http://www.wikidata.org/entity/Q113192738,Ramesh Gurla
1139,http://www.wikidata.org/entity/Q98149209,Devdas Banjare
1140,http://www.wikidata.org/entity/Q109947229,Sailendra Samantray
1141,http://www.wikidata.org/entity/Q113192733,Choudhoury Bibhar
1142,http://www.wikidata.org/entity/Q113192727,"Santosh Karali,"
1143,http://www.wikidata.org/entity/Q113192728,Srikanta Mishra
1144,http://www.wikidata.org/entity/Q2599659,E. Krishna Iyer
1145,http://www.wikidata.org/entity/Q3351708,Uday Shankar
1146,http://www.wikidata.org/entity/Q3530039,Shadkala Govinda Marar
1147,http://www.wikidata.org/entity/Q4765962,Ankan Sen
1148,http://www.wikidata.org/entity/Q5673777,A Harsha
1149,http://www.wikidata.org/entity/Q6834839,Michael Thangadurai
1150,http://www.wikidata.org/entity/Q6990204,Nelliyode Vasudevan Namboodiri
1151,http://www.wikidata.org/entity/Q7286299,Rajkumar Singhajit Singh
1152,http://www.wikidata.org/entity/Q7312034,Remo D'Souza
1153,http://www.wikidata.org/entity/Q77599314,CarryMinati
1154,http://www.wikidata.org/entity/Q16134365,Chemancheri Kunhiraman Nair
1155,http://www.wikidata.org/entity/Q16233470,Shivam Patil
1156,http://www.wikidata.org/entity/Q17066590,Tushar Kalia
1157,http://www.wikidata.org/entity/Q113192715,Akshya KumarDas
1158,http://www.wikidata.org/entity/Q113192734,Madhab Palai
1159,http://www.wikidata.org/entity/Q113192731,Prabodha Rath
1160,http://www.wikidata.org/entity/Q116730722,Dayanidhi Das
1161,http://www.wikidata.org/entity/Q13426840,Kamal Khan
1162,http://www.wikidata.org/entity/Q105905492,K. V. Satyanarayana
1163,http://www.wikidata.org/entity/Q96070800,Arko Mukhaerjee
1164,http://www.wikidata.org/entity/Q23007503,Anudeep Dev
1165,http://www.wikidata.org/entity/Q106691846,Shahid Shabaz
1166,http://www.wikidata.org/entity/Q106735273,Swayam Padhi
1167,http://www.wikidata.org/entity/Q981797,Sultan Khan
1168,http://www.wikidata.org/entity/Q6746972,Manas Chakraborty
1169,http://www.wikidata.org/entity/Q16202406,Tiger Shroff
1170,http://www.wikidata.org/entity/Q7533351,Siyaram Tiwari
1171,http://www.wikidata.org/entity/Q22054936,Maguni Charan Das
1172,http://www.wikidata.org/entity/Q16611975,Nivas
1173,http://www.wikidata.org/entity/Q120892696,Ellappa Pillai
1174,http://www.wikidata.org/entity/Q156310,Manna Dey
1175,http://www.wikidata.org/entity/Q555778,Babul Supriyo
1176,http://www.wikidata.org/entity/Q666495,Trilok Gurtu
1177,http://www.wikidata.org/entity/Q1190439,Prabhu Deva
1178,http://www.wikidata.org/entity/Q1397628,O. P. Nayyar
1179,http://www.wikidata.org/entity/Q42822795,Gopikrushna Behera
1180,http://www.wikidata.org/entity/Q2049982,Unni Menon
1181,http://www.wikidata.org/entity/Q2050093,Pradip Somasundaran
1182,http://www.wikidata.org/entity/Q2051388,Kozhikode Abdul Kader
1183,http://www.wikidata.org/entity/Q2742292,Vishal Bhardwaj
1184,http://www.wikidata.org/entity/Q3524700,D. K. Jayaraman
1185,http://www.wikidata.org/entity/Q3524640,Yugendran
1186,http://www.wikidata.org/entity/Q3534673,M. K. Muthu
1187,http://www.wikidata.org/entity/Q3764118,B. Gopalam
1188,http://www.wikidata.org/entity/Q4860901,Barkat Ali Khan
1189,http://www.wikidata.org/entity/Q4942311,Bonnie Chakraborty
1190,http://www.wikidata.org/entity/Q5243018,Dayal Thakur
1191,http://www.wikidata.org/entity/Q5277051,Dilshad Akhtar
1192,http://www.wikidata.org/entity/Q5527752,Gaurav Dagaonkar
1193,http://www.wikidata.org/entity/Q5845135,Manikka Vinayagam
1194,http://www.wikidata.org/entity/Q6343998,Kabban Mirza
1195,http://www.wikidata.org/entity/Q6365405,Kanth Kaler
1196,http://www.wikidata.org/entity/Q6712783,M. K. Thyagaraja Bhagavathar
1197,http://www.wikidata.org/entity/Q6746801,Manakkal Rangarajan
1198,http://www.wikidata.org/entity/Q7130672,Pandit Venkatesh Kumar
1199,http://www.wikidata.org/entity/Q7237725,Prahlad Tipanya
1200,http://www.wikidata.org/entity/Q7296636,Ravi Kichlu
1201,http://www.wikidata.org/entity/Q7296774,Ravisankar
1202,http://www.wikidata.org/entity/Q7418142,Sangtar
1203,http://www.wikidata.org/entity/Q7418507,Sanjeev Abhyankar
1204,http://www.wikidata.org/entity/Q7424485,Sarosh Sami
1205,http://www.wikidata.org/entity/Q7461690,Shahid Mallya
1206,http://www.wikidata.org/entity/Q7484728,T. M. Soundararajan
1207,http://www.wikidata.org/entity/Q7513776,Sikkil Gurucharan
1208,http://www.wikidata.org/entity/Q7906051,V. Harikrishna
1209,http://www.wikidata.org/entity/Q12070269,Kabir Suman
1210,http://www.wikidata.org/entity/Q13111496,K. P. Brahmanandan
1211,http://www.wikidata.org/entity/Q13121163,Vinayakrao Patwardhan
1212,http://www.wikidata.org/entity/Q13564535,Pradeep Palluruthy
1213,http://www.wikidata.org/entity/Q54985879,P. Govindan Kutty
1214,http://www.wikidata.org/entity/Q14242195,Nachhatar Gill
1215,http://www.wikidata.org/entity/Q16232986,Varun Unni
1216,http://www.wikidata.org/entity/Q16732083,Mooralala Marwada
1217,http://www.wikidata.org/entity/Q16733015,U. K. Murali
1218,http://www.wikidata.org/entity/Q17492753,Sharafat Hussain Khan
1219,http://www.wikidata.org/entity/Q60159175,Mohanrao Kallianpurkar
1220,http://www.wikidata.org/entity/Q19664342,Karamjit Anmol
1221,http://www.wikidata.org/entity/Q19895578,Damodar Raao
1222,http://www.wikidata.org/entity/Q20481315,Ram Panjwani
1223,http://www.wikidata.org/entity/Q20641980,O.S.Thyagarajan
1224,http://www.wikidata.org/entity/Q13056822,Anadi Kumar Dastidar
1225,http://www.wikidata.org/entity/Q106809355,Harish Kumar
1226,http://www.wikidata.org/entity/Q83977777,Utsav Charan Das
1227,http://www.wikidata.org/entity/Q113192718,Ranjan Sahoo
1228,http://www.wikidata.org/entity/Q104156446,Ramchandra Manjhi
