S..No,item,itemLabel
1,http://www.wikidata.org/entity/Q55130407,Hemendra Prasad Ghosh
2,http://www.wikidata.org/entity/Q97446117,Parmod Malik
3,http://www.wikidata.org/entity/Q57400754,Subbarao Kambhampati
4,http://www.wikidata.org/entity/Q68898907,Dr. CS Ramachandra
5,http://www.wikidata.org/entity/Q68898962,Dr. HM Chennayya
6,http://www.wikidata.org/entity/Q59247899,Buta Singh Brar
7,http://www.wikidata.org/entity/Q80658601,Abu Zafar Nadvi
8,http://www.wikidata.org/entity/Q94108248,Kuruvila Zachariah
9,http://www.wikidata.org/entity/Q12976706,Q12976706
10,http://www.wikidata.org/entity/Q68898800,UK Subbaraya Achar
11,http://www.wikidata.org/entity/Q20605015,Q20605015
12,http://www.wikidata.org/entity/Q112625248,Phanindra Chandra Dutta
13,http://www.wikidata.org/entity/Q84066265,Rishikesh Upadhyay
14,http://www.wikidata.org/entity/Q16133657,Ajit Krishna Basu
15,http://www.wikidata.org/entity/Q20607497,Jaswinder Singh
16,http://www.wikidata.org/entity/Q95692059,Khialdas Fani
17,http://www.wikidata.org/entity/Q981496,Raghuram Rajan
18,http://www.wikidata.org/entity/Q31787487,Surjit Singh
19,http://www.wikidata.org/entity/Q31786894,Rajinder Pal Singh
20,http://www.wikidata.org/entity/Q85967223,Pranabjyoti Deka
21,http://www.wikidata.org/entity/Q7131379,Pannalal Bose
22,http://www.wikidata.org/entity/Q472352,Amit Chaudhuri
23,http://www.wikidata.org/entity/Q106610906,C.T. Aravindakumar
24,http://www.wikidata.org/entity/Q106974243,Srikanth Sundararajan
25,http://www.wikidata.org/entity/Q13056813,Atul Chandra Gupta
26,http://www.wikidata.org/entity/Q13060211,Harisadhan Chattopadhyay
27,http://www.wikidata.org/entity/Q3351367,Amiya Chakravarty
28,http://www.wikidata.org/entity/Q15725463,Ajit Kumar Dutta
29,http://www.wikidata.org/entity/Q102215721,Prof. Sisir Kumar Sarkar
30,http://www.wikidata.org/entity/Q7072071,O.P. Dwivedi
31,http://www.wikidata.org/entity/Q7427196,Saugata Roy
32,http://www.wikidata.org/entity/Q20608238,Nirmal Jaura
33,http://www.wikidata.org/entity/Q325741,Homi K. Bhabha
34,http://www.wikidata.org/entity/Q61064223,Q61064223
35,http://www.wikidata.org/entity/Q12976047,K. Nedunchezhiyan
36,http://www.wikidata.org/entity/Q12980781,Ci. Pālacuppiramaṇiyan̲
37,http://www.wikidata.org/entity/Q12980768,Salai Elanthiraiyan
38,http://www.wikidata.org/entity/Q13057149,Ashutosh Bhattacharya
39,http://www.wikidata.org/entity/Q13116786,Gangadhar Pantawane
40,http://www.wikidata.org/entity/Q24284445,Mangharam Udharam Malkani
41,http://www.wikidata.org/entity/Q25586973,Bidhu Shekhar Bhattacharya
42,http://www.wikidata.org/entity/Q15459580,Rustum Roy
43,http://www.wikidata.org/entity/Q111032406,Raman Unnikrishnan
44,http://www.wikidata.org/entity/Q16346754,Shrikumar Bandyopadhyay
45,http://www.wikidata.org/entity/Q20606660,Gurbakhsh Singh Frank
46,http://www.wikidata.org/entity/Q7646413,Surjit Patar
47,http://www.wikidata.org/entity/Q31321226,Umaprasad Mukhopadhyay
48,http://www.wikidata.org/entity/Q1165649,Darashaw Nosherwan Wadia
49,http://www.wikidata.org/entity/Q4747055,Amlan Datta
50,http://www.wikidata.org/entity/Q117244129,Shamseer Ibrahim
51,http://www.wikidata.org/entity/Q117405598,S. A. Vengada Subburaya Nayagar
52,http://www.wikidata.org/entity/Q3116411,Jibanananda Das
53,http://www.wikidata.org/entity/Q3351108,Kuvempu
54,http://www.wikidata.org/entity/Q4116911,Mohammad Akram Nadwi
55,http://www.wikidata.org/entity/Q4358527,Conjeevaram Srirangachari Seshadri
56,http://www.wikidata.org/entity/Q4734293,Alok Bhargava
57,http://www.wikidata.org/entity/Q118913759,s. Neelakandan
58,http://www.wikidata.org/entity/Q119411054,Asitkumar Bandyopadhyay
59,http://www.wikidata.org/entity/Q119000290,Amulyadhan Mukhopadhyay
60,http://www.wikidata.org/entity/Q6381082,Kazi Abdul Wadud
61,http://www.wikidata.org/entity/Q6727256,Madhav Gadgil
62,http://www.wikidata.org/entity/Q6894224,Mohitlal Majumdar
63,http://www.wikidata.org/entity/Q7420421,Santidev Ghosh
64,http://www.wikidata.org/entity/Q56641695,Gurmukh Singh
65,http://www.wikidata.org/entity/Q29044399,Abdul Azeez Madani
66,http://www.wikidata.org/entity/Q122654933,Kafeel Ahmad Qasmi
67,http://www.wikidata.org/entity/Q24013787,Kalyan Bulchand Advani
68,http://www.wikidata.org/entity/Q124169486,Atisukhshankar Trivedi
69,http://www.wikidata.org/entity/Q4907313,Bikas Kanta Chakrabarti
70,http://www.wikidata.org/entity/Q124285248,K. V. Rao
71,http://www.wikidata.org/entity/Q124301514,Rakesh Desai
72,http://www.wikidata.org/entity/Q124353801,Ramesh L. Chakrasali
73,http://www.wikidata.org/entity/Q124434915,Goddu Karegowda Veeresh
74,http://www.wikidata.org/entity/Q27178667,Khudiram Das
75,http://www.wikidata.org/entity/Q18987251,Amitabha Dasgupta
76,http://www.wikidata.org/entity/Q84308943,Biswanath Dutta
77,http://www.wikidata.org/entity/Q20607438,Dr. Kesar Singh
78,http://www.wikidata.org/entity/Q42637750,Surendranath Sen
79,http://www.wikidata.org/entity/Q54554391,Subodh Chandra Mahalanobis
80,http://www.wikidata.org/entity/Q24952533,K. K. Abid Hussain Thangal
81,http://www.wikidata.org/entity/Q90038759,Indraneel Mittra
82,http://www.wikidata.org/entity/Q59627963,Dhirendra Mohan Datta
83,http://www.wikidata.org/entity/Q49465291,Dinesh Chandra Bhattacharya
84,http://www.wikidata.org/entity/Q29906118,Sriram Chandra Dash
85,http://www.wikidata.org/entity/Q50695489,Arun Mehta
86,http://www.wikidata.org/entity/Q20481315,Ram Panjwani
87,http://www.wikidata.org/entity/Q47004171,Ajoy Kumar Ray
88,http://www.wikidata.org/entity/Q68484731,Dr Aravinda Malagatti
89,http://www.wikidata.org/entity/Q68898509,K Kempe Gowda
90,http://www.wikidata.org/entity/Q68898697,S Lakshmi Narayana Arora
91,http://www.wikidata.org/entity/Q31785365,Gurpal Singh Sandhu
92,http://www.wikidata.org/entity/Q118590781,Q118590781
93,http://www.wikidata.org/entity/Q54620382,Anil Baran Roy
94,http://www.wikidata.org/entity/Q25623492,Prem Prakash Singh Dhaliwal
95,http://www.wikidata.org/entity/Q57002458,Arun K Shukla
96,http://www.wikidata.org/entity/Q68898750,ta su shyaamaraaya
97,http://www.wikidata.org/entity/Q81291303,Thamizhpparithi Maari
98,http://www.wikidata.org/entity/Q46071989,Pabitra Sarkar
99,http://www.wikidata.org/entity/Q68898562,NM Talawar
100,http://www.wikidata.org/entity/Q68898611,P Malliakrjunappa
101,http://www.wikidata.org/entity/Q231690,Bhimrao Ramji Ambedkar
102,http://www.wikidata.org/entity/Q105482402,Ishwarlal R. Dave
103,http://www.wikidata.org/entity/Q2760849,Deepakbhai P. Mehta
104,http://www.wikidata.org/entity/Q4310764,Santanu Kumar Acharya
105,http://www.wikidata.org/entity/Q4352958,Sugata Mitra
106,http://www.wikidata.org/entity/Q4811997,Aswath Damodaran
107,http://www.wikidata.org/entity/Q7156113,Pawan Sinha
108,http://www.wikidata.org/entity/Q7920046,Venkat Rangan
109,http://www.wikidata.org/entity/Q981489,C. K. Prahalad
110,http://www.wikidata.org/entity/Q12980941,Suba Veerapandian
111,http://www.wikidata.org/entity/Q4665603,Abdul Qavi Desnavi
112,http://www.wikidata.org/entity/Q15724691,Pranabandhu Kar
113,http://www.wikidata.org/entity/Q4834165,B. R. Nagesh
114,http://www.wikidata.org/entity/Q16866511,Kalidas Nag
115,http://www.wikidata.org/entity/Q56599365,Ashok b raha
116,http://www.wikidata.org/entity/Q7273770,R. K. von Goldstein
117,http://www.wikidata.org/entity/Q192207,Aurobindo Ghosh
118,http://www.wikidata.org/entity/Q18685347,Krishna Lal Chadha
119,http://www.wikidata.org/entity/Q19811901,Mohan Apte
120,http://www.wikidata.org/entity/Q116371001,Sonu Saini
121,http://www.wikidata.org/entity/Q725669,Prabodh Chandra Bagchi
122,http://www.wikidata.org/entity/Q817311,Benimadhab Barua
123,http://www.wikidata.org/entity/Q107191754,Karanam Dhaman Kumar
124,http://www.wikidata.org/entity/Q23908915,N. Jayaraj
125,http://www.wikidata.org/entity/Q4802120,Arun Mitra
126,http://www.wikidata.org/entity/Q13110617,M.R. Chandrasekh Aran
127,http://www.wikidata.org/entity/Q4773336,Anthony Raymond Ceresko
128,http://www.wikidata.org/entity/Q4849703,Bala V. Balachandran
129,http://www.wikidata.org/entity/Q15723830,Kamalakanta Lenka
130,http://www.wikidata.org/entity/Q5006743,C. P. Joshi
131,http://www.wikidata.org/entity/Q16192728,Chinmoy Guha
132,http://www.wikidata.org/entity/Q111040149,Arumugam Gounder
133,http://www.wikidata.org/entity/Q6575090,Sarat Pujari
134,http://www.wikidata.org/entity/Q30106187,Sricharan Mohanty
135,http://www.wikidata.org/entity/Q30227500,Sudhindralal Roy
136,http://www.wikidata.org/entity/Q20908739,Kunjabihari Tripathy
137,http://www.wikidata.org/entity/Q107302264,Anurag Bhaskar
138,http://www.wikidata.org/entity/Q23071257,Naresh Guha
139,http://www.wikidata.org/entity/Q12987387,Rasamanikanar
140,http://www.wikidata.org/entity/Q24574682,Hansanarayan Bhattacharya
141,http://www.wikidata.org/entity/Q25624556,Bikram Singh Ghuman
142,http://www.wikidata.org/entity/Q25861159,Shiladitya DasSarma
143,http://www.wikidata.org/entity/Q28845791,Madhab Chandra Satpathy
144,http://www.wikidata.org/entity/Q113546462,Lakshmishwar Singha
145,http://www.wikidata.org/entity/Q31320041,Pathani Patnaik
146,http://www.wikidata.org/entity/Q20607606,Dr. Ravinder Ravi
147,http://www.wikidata.org/entity/Q46184108,Mayank Nalinkant Vahia
148,http://www.wikidata.org/entity/Q14566161,Subir Banerjee
149,http://www.wikidata.org/entity/Q25586659,Abu Sayeed Ayyub
150,http://www.wikidata.org/entity/Q5387505,Eric Simeon
151,http://www.wikidata.org/entity/Q16135779,T.C. Narayanan Nambiar
152,http://www.wikidata.org/entity/Q6962327,Nrusingprasad Kalidas Bhatt
153,http://www.wikidata.org/entity/Q50186427,Nibaran Chandra Bhattacharya
154,http://www.wikidata.org/entity/Q50810370,Tapodhir Bhattacharjee
155,http://www.wikidata.org/entity/Q51954224,Rajwinder Singh
156,http://www.wikidata.org/entity/Q5247812,Debabrata Sharma
157,http://www.wikidata.org/entity/Q47459759,D. Lourdu
158,http://www.wikidata.org/entity/Q28155012,Baba Iqbal Singh
159,http://www.wikidata.org/entity/Q50497695,Mahendranath Sarkar
160,http://www.wikidata.org/entity/Q112337369,Jagadish Chandra Bhattacharya
161,http://www.wikidata.org/entity/Q5076920,Charles Donovan
162,http://www.wikidata.org/entity/Q13009446,Vavilala Somayajulu
163,http://www.wikidata.org/entity/Q54806566,Nalinimohan Sanyal
164,http://www.wikidata.org/entity/Q117750090,Zainul Abideen Azmi
165,http://www.wikidata.org/entity/Q68484625,Dr C Naganna
166,http://www.wikidata.org/entity/Q68898447,KT Veerappa
167,http://www.wikidata.org/entity/Q68898857,Dr. Arviyas Sundaram
168,http://www.wikidata.org/entity/Q48600973,Kiran Shankar Roy
169,http://www.wikidata.org/entity/Q120836005,Ujjal Singh Bahri
170,http://www.wikidata.org/entity/Q60451604,Sridhara Das
171,http://www.wikidata.org/entity/Q30145842,Kailash Chandra Dash
172,http://www.wikidata.org/entity/Q64806585,Vijaysinh Chavda
173,http://www.wikidata.org/entity/Q26818510,Narayan Sahu
174,http://www.wikidata.org/entity/Q56641646,Kulvir Gojra
175,http://www.wikidata.org/entity/Q15724984,Mohapatra Nilamani Sahu
176,http://www.wikidata.org/entity/Q21087270,Sachidananda Mohanty
177,http://www.wikidata.org/entity/Q25643967,Rabindra Kumar Praharaj
178,http://www.wikidata.org/entity/Q15724759,Basant Kumar Satpathy
179,http://www.wikidata.org/entity/Q68484241,Dr. M.G. Manjunatha
180,http://www.wikidata.org/entity/Q68898656,Dr N PrabhuShankara
181,http://www.wikidata.org/entity/Q31320108,Soubhagya Kumar Mishra
182,http://www.wikidata.org/entity/Q96901165,Srikanta Dash
183,http://www.wikidata.org/entity/Q15725460,Achyutananda Goswami
184,http://www.wikidata.org/entity/Q99393692,Sanjay Chaudhary
185,http://www.wikidata.org/entity/Q47493011,E. T. Tyson
186,http://www.wikidata.org/entity/Q29035453,Bijay Kumar Nanda
187,http://www.wikidata.org/entity/Q12979856,Ka. Ratnam
188,http://www.wikidata.org/entity/Q104290764,John Britto Parisutham
189,http://www.wikidata.org/entity/Q105487770,Ijteba Nadwi
190,http://www.wikidata.org/entity/Q105747039,N. Vasudevan Pillai
191,http://www.wikidata.org/entity/Q108542732,S. Manikchand Singh
192,http://www.wikidata.org/entity/Q110914676,Prof. Salil Kumar Sarkar
193,http://www.wikidata.org/entity/Q102146762,Prof. Samir Kumar Sarkar
194,http://www.wikidata.org/entity/Q104178425,A. K. Appu
195,http://www.wikidata.org/entity/Q104438839,M. Govindarajan
196,http://www.wikidata.org/entity/Q105481543,Ramniklal Maru
197,http://www.wikidata.org/entity/Q116168133,S. Majumdar
198,http://www.wikidata.org/entity/Q106578986,Shankarlal Purohit
199,http://www.wikidata.org/entity/Q111049031,Pradeep Kumar Panda
200,http://www.wikidata.org/entity/Q61478782,Priyanath Dey
201,http://www.wikidata.org/entity/Q102157955,Narayanaswamy Balakrishnan
202,http://www.wikidata.org/entity/Q96773154,Raj Kumar Yadav
203,http://www.wikidata.org/entity/Q66973155,Zoe Ansari
204,http://www.wikidata.org/entity/Q59524655,Nagendranath Gangulee
205,http://www.wikidata.org/entity/Q112520920,Ram Babu Singh
206,http://www.wikidata.org/entity/Q102139047,Sujit Kumar Mitra
207,http://www.wikidata.org/entity/Q4764657,Anil Kumar Gupta
208,http://www.wikidata.org/entity/Q7296738,Ravindra Nanda
209,http://www.wikidata.org/entity/Q102204278,Kesar Singh
210,http://www.wikidata.org/entity/Q102312475,P. R. Parthasarathy
211,http://www.wikidata.org/entity/Q124638159,Khagendranath Mitra
212,http://www.wikidata.org/entity/Q102232908,Moulinath Banerjee
213,http://www.wikidata.org/entity/Q12983063,Thiruvenkata Rajendra Seshadri
214,http://www.wikidata.org/entity/Q7530629,Sirshendu De
215,http://www.wikidata.org/entity/Q37392297,Sayan Mukherjee
216,http://www.wikidata.org/entity/Q102124028,Sastry Gouripathi Pantula
217,http://www.wikidata.org/entity/Q102168978,Jon N. K. Rao
218,http://www.wikidata.org/entity/Q102188917,Prabir Burman
219,http://www.wikidata.org/entity/Q102247244,Kamalakar Karlapalem
220,http://www.wikidata.org/entity/Q102399921,Anand Nayak
221,http://www.wikidata.org/entity/Q107462,Har Gobind Khorana
222,http://www.wikidata.org/entity/Q108653191,Rupak Chakravarty
223,http://www.wikidata.org/entity/Q109479938,Francis-Vincent Anthony
224,http://www.wikidata.org/entity/Q102190108,Rajendra Bhansali
225,http://www.wikidata.org/entity/Q102195769,Sanat K. Sarkar
226,http://www.wikidata.org/entity/Q102361038,Natesh Pillai
227,http://www.wikidata.org/entity/Q102367477,Bodhisattva Sen
228,http://www.wikidata.org/entity/Q103030743,Manohar P. Kamat
229,http://www.wikidata.org/entity/Q102158542,I. M. Chakravarti
230,http://www.wikidata.org/entity/Q102162489,Pramod K. Pathak
231,http://www.wikidata.org/entity/Q102205860,Anirban DasGupta
232,http://www.wikidata.org/entity/Q102124429,Naresh Jain
233,http://www.wikidata.org/entity/Q102105026,Amarjit Budhiraja
234,http://www.wikidata.org/entity/Q115631934,Ajit Kumar Dasgupta
235,http://www.wikidata.org/entity/Q115757408,Vinayak M. Joshi
236,http://www.wikidata.org/entity/Q102302040,Jayant V. Deshpande
237,http://www.wikidata.org/entity/Q2127239,Raghavan Narasimhan
238,http://www.wikidata.org/entity/Q106516620,Ven Murthy
239,http://www.wikidata.org/entity/Q107488138,Chinubhai Khatri
240,http://www.wikidata.org/entity/Q107622879,Shameer Modongal
241,http://www.wikidata.org/entity/Q108560215,Mukhtaruddin Ahmed
242,http://www.wikidata.org/entity/Q58794970,Dinesh Kumar
243,http://www.wikidata.org/entity/Q123122755,Birendra Nath Ganguli
244,http://www.wikidata.org/entity/Q112972046,Siddhartha Paul Tiwari
245,http://www.wikidata.org/entity/Q59674472,Siddhartha Mishra
246,http://www.wikidata.org/entity/Q115689950,Aditya Bharadwaj
247,http://www.wikidata.org/entity/Q116257419,Abdul Ghani Azhari
248,http://www.wikidata.org/entity/Q117384006,Yogesh Singh Chauhan
249,http://www.wikidata.org/entity/Q117546534,Projit Bihari Mukharji
250,http://www.wikidata.org/entity/Q112765234,Maulana Naseer Ahmad Khan
251,http://www.wikidata.org/entity/Q6725626,V. Abdur Rahim
252,http://www.wikidata.org/entity/Q120330439,Jagan Mohan Mohapatra
253,http://www.wikidata.org/entity/Q121125620,Suhail Ahmad nadwi
254,http://www.wikidata.org/entity/Q121363619,Ravindra D. Kulkarni
255,http://www.wikidata.org/entity/Q121714436,Sunil Bhagwat
256,http://www.wikidata.org/entity/Q967521,Simon Pimenta
257,http://www.wikidata.org/entity/Q1356865,Kannan Soundararajan
258,http://www.wikidata.org/entity/Q60607873,Lallit Anand
259,http://www.wikidata.org/entity/Q1789103,Krishna Baldev Vaid
260,http://www.wikidata.org/entity/Q1885953,Maitreesh Ghatak
261,http://www.wikidata.org/entity/Q2035098,Jadunath Sarkar
262,http://www.wikidata.org/entity/Q2160834,Rocque Lobo
263,http://www.wikidata.org/entity/Q123265526,Baradananda Chatterjee
264,http://www.wikidata.org/entity/Q123466411,Nipesh Palat Narayanan
265,http://www.wikidata.org/entity/Q123614909,Haran Chandra Chakladar
266,http://www.wikidata.org/entity/Q123699555,Karthikeyan Shanmugasundaram
267,http://www.wikidata.org/entity/Q123699663,K.SHANMUGA BHARATHI
268,http://www.wikidata.org/entity/Q123752788,Sunitha Abburu
269,http://www.wikidata.org/entity/Q123509547,Sayyid nizamuddin qasmi gayawi
270,http://www.wikidata.org/entity/Q124221902,Mahalingamoorthy Natarajan
271,http://www.wikidata.org/entity/Q5248630,Debu Chaudhuri
272,http://www.wikidata.org/entity/Q5316377,Durga Das Basu
273,http://www.wikidata.org/entity/Q5619876,Gurbachan Singh Talib
274,http://www.wikidata.org/entity/Q16334222,Prasanna Kumar Mishra
275,http://www.wikidata.org/entity/Q6084825,Ismail Poonawala
276,http://www.wikidata.org/entity/Q6354986,Kalyanmoy Deb
277,http://www.wikidata.org/entity/Q124749296,Kalika Ranjan Qanungo
278,http://www.wikidata.org/entity/Q91013157,Q91013157
279,http://www.wikidata.org/entity/Q13159253,K.Chinnappa gowda
280,http://www.wikidata.org/entity/Q15434805,Bimal Prasad
281,http://www.wikidata.org/entity/Q27916064,Gautam Mitra
282,http://www.wikidata.org/entity/Q93241428,Phiroze Vasunia
283,http://www.wikidata.org/entity/Q24053925,Virender Lal Chopra
284,http://www.wikidata.org/entity/Q72369221,Devendra Narain Singh
285,http://www.wikidata.org/entity/Q42308594,Brundaban Chandra Acharya
286,http://www.wikidata.org/entity/Q15707017,R. Ilavarasu
287,http://www.wikidata.org/entity/Q118676156,Q118676156
288,http://www.wikidata.org/entity/Q102077486,Sundaram Seshu
289,http://www.wikidata.org/entity/Q113717793,Satya Ranjan Banerjee
290,http://www.wikidata.org/entity/Q50811600,Ved Prakash Nanda
291,http://www.wikidata.org/entity/Q42248596,Varun Sahni
292,http://www.wikidata.org/entity/Q124685604,Arun Sen
293,http://www.wikidata.org/entity/Q55286438,Bireswar Sen
294,http://www.wikidata.org/entity/Q57866707,Alex Pappachen James
295,http://www.wikidata.org/entity/Q124254481,P. K. Bhattacharya
296,http://www.wikidata.org/entity/Q90765210,Ambuj Tewari
297,http://www.wikidata.org/entity/Q59626734,Krishnan Namboodiri
298,http://www.wikidata.org/entity/Q1446797,Abraham Verghese
299,http://www.wikidata.org/entity/Q5230861,David Arnold
300,http://www.wikidata.org/entity/Q93237757,Khaled Anatolios
301,http://www.wikidata.org/entity/Q6893597,Mohan Singh
302,http://www.wikidata.org/entity/Q107236696,Udita Singh
303,http://www.wikidata.org/entity/Q7913059,Vamsi Mootha
304,http://www.wikidata.org/entity/Q101444547,Augustine Ralla Ram
305,http://www.wikidata.org/entity/Q102147046,Ganapati P. Patil
306,http://www.wikidata.org/entity/Q102205116,Jagdish Rustagi
307,http://www.wikidata.org/entity/Q115561510,Neha Mishra
308,http://www.wikidata.org/entity/Q15455923,M. S. Krishnan
309,http://www.wikidata.org/entity/Q97657298,Ali Hussein Salafi
310,http://www.wikidata.org/entity/Q98072365,Akhil Ranjan Dutta
311,http://www.wikidata.org/entity/Q89162928,Somnath Datta
312,http://www.wikidata.org/entity/Q110075549,Abdur Rahim Bastavi
313,http://www.wikidata.org/entity/Q110681957,Parthasarathi Mukhopadhyay
314,http://www.wikidata.org/entity/Q20026803,Trilochan Sastry
315,http://www.wikidata.org/entity/Q101088770,Joseph Arul
316,http://www.wikidata.org/entity/Q102111926,Hira L. Koul
317,http://www.wikidata.org/entity/Q102130362,Bimal Kumar Sinha
318,http://www.wikidata.org/entity/Q102246062,Narayan C. Giri
319,http://www.wikidata.org/entity/Q114343462,Jameel Ahmad Sikrodavi
320,http://www.wikidata.org/entity/Q107503028,Kesavan Raghavan Nair
321,http://www.wikidata.org/entity/Q97672607,Surjendu Bikash Kar Mahapatra
322,http://www.wikidata.org/entity/Q97690477,Sushil Chaudhury
323,http://www.wikidata.org/entity/Q109326177,Thomas Rodney Hope Davenport
324,http://www.wikidata.org/entity/Q7289394,Ramesh Chandra Majumdar
325,http://www.wikidata.org/entity/Q4699812,Ajit Varki
326,http://www.wikidata.org/entity/Q105446577,Chandra Bhan Singh
327,http://www.wikidata.org/entity/Q105748570,Kilambi Ramavataram
328,http://www.wikidata.org/entity/Q106734360,Rajendra Kapila
329,http://www.wikidata.org/entity/Q4700737,Akhil Gupta
330,http://www.wikidata.org/entity/Q27838006,Amitabh Joshi
331,http://www.wikidata.org/entity/Q114728205,Satyabrata Nandi
332,http://www.wikidata.org/entity/Q317769,Gulzarilal Nanda
333,http://www.wikidata.org/entity/Q967584,Sarvadaman Chowla
334,http://www.wikidata.org/entity/Q1294713,Abhay Ashtekar
335,http://www.wikidata.org/entity/Q1411390,Jainendra K. Jain
336,http://www.wikidata.org/entity/Q1743716,K. S. Lal
337,http://www.wikidata.org/entity/Q2125037,Rabindra Mohapatra
338,http://www.wikidata.org/entity/Q2497083,Narendra Jadhav
339,http://www.wikidata.org/entity/Q4746997,Amiya Kumar Bagchi
340,http://www.wikidata.org/entity/Q6713037,Manchanahalli Rangaswamy Satyanarayana Rao
341,http://www.wikidata.org/entity/Q6808998,Megh R. Goyal
342,http://www.wikidata.org/entity/Q7237405,Pradeep Khosla
343,http://www.wikidata.org/entity/Q7282498,M. A. R. Habib
344,http://www.wikidata.org/entity/Q7633785,Sudhindranath Dutta
345,http://www.wikidata.org/entity/Q7918205,Veeravalli S. Varadarajan
346,http://www.wikidata.org/entity/Q7935929,Vishal Mangalwadi
347,http://www.wikidata.org/entity/Q20607701,Harjeet Singh Gill
348,http://www.wikidata.org/entity/Q92820,Raj Reddy
349,http://www.wikidata.org/entity/Q176588,Akshay Venkatesh
350,http://www.wikidata.org/entity/Q370247,Sathamangalam Ranga Iyengar Srinivasa Varadhan
351,http://www.wikidata.org/entity/Q462446,C. Kumar N. Patel
352,http://www.wikidata.org/entity/Q560990,Varkey Vithayathil
353,http://www.wikidata.org/entity/Q561478,Prasanta Chandra Mahalanobis
354,http://www.wikidata.org/entity/Q737968,Raj Chandra Bose
355,http://www.wikidata.org/entity/Q10965844,K. G. Ramanathan
356,http://www.wikidata.org/entity/Q21715447,Vinod Subramaniam
357,http://www.wikidata.org/entity/Q1441631,Francis Braganza
358,http://www.wikidata.org/entity/Q1528049,P. Chandrasekhara Rao
359,http://www.wikidata.org/entity/Q2280213,Shree K. Nayar
360,http://www.wikidata.org/entity/Q2879518,Nayan Chanda
361,http://www.wikidata.org/entity/Q3154342,Irfan Habib
362,http://www.wikidata.org/entity/Q13847617,Akhtarul Wasey
363,http://www.wikidata.org/entity/Q3615431,Andre Béteille
364,http://www.wikidata.org/entity/Q3633158,Akhlaqur Rahman Kidwai
365,http://www.wikidata.org/entity/Q4665524,Abdul Majid Daryabadi
366,http://www.wikidata.org/entity/Q15432965,Hetukar Jha
367,http://www.wikidata.org/entity/Q15545673,Arikapalli Giridhar Rao
368,http://www.wikidata.org/entity/Q5436117,Farokh Master
369,http://www.wikidata.org/entity/Q15967113,Rajendra Bhatia
370,http://www.wikidata.org/entity/Q16105118,Inder Bir Singh Passi
371,http://www.wikidata.org/entity/Q17565430,Ramhari Das
372,http://www.wikidata.org/entity/Q7238184,Prakash Loungani
373,http://www.wikidata.org/entity/Q7238265,Pramod Khargonekar
374,http://www.wikidata.org/entity/Q7238489,Prasenjit Duara
375,http://www.wikidata.org/entity/Q7286607,Rakesh Khurana
376,http://www.wikidata.org/entity/Q7504182,Shriram Krishnamurthi
377,http://www.wikidata.org/entity/Q18707512,Vasant Gowarikar
378,http://www.wikidata.org/entity/Q29439523,Prahlad Pradhan
379,http://www.wikidata.org/entity/Q30000530,Udayanath Sahu
380,http://www.wikidata.org/entity/Q35180773,Manindra Kumar Meher
381,http://www.wikidata.org/entity/Q27899209,Samaresh Mitra
382,http://www.wikidata.org/entity/Q27924806,Vadapalli Chandrasekhar
383,http://www.wikidata.org/entity/Q17352730,Bidyut Chakrabarty
384,http://www.wikidata.org/entity/Q19561335,T.M.P. Mahadevan
385,http://www.wikidata.org/entity/Q22670785,Samares Kar
386,http://www.wikidata.org/entity/Q38996236,Kishore Panigrahi
387,http://www.wikidata.org/entity/Q99528675,Purushottam Joshi
388,http://www.wikidata.org/entity/Q29017279,Rafi Ahmed
389,http://www.wikidata.org/entity/Q60608994,Rabi Narayan Moharana
390,http://www.wikidata.org/entity/Q41889312,Debabrata Maiti
391,http://www.wikidata.org/entity/Q42300013,Francis Xavier D'Sa
392,http://www.wikidata.org/entity/Q58655935,Pawan S. Budhwar
393,http://www.wikidata.org/entity/Q59752636,Muni S. Srivastava
394,http://www.wikidata.org/entity/Q72546520,Radheshyam Brahmachari
395,http://www.wikidata.org/entity/Q88234573,Vishal Jain
396,http://www.wikidata.org/entity/Q95625118,Anuj Srivastava
397,http://www.wikidata.org/entity/Q108405721,Biman Behari Majumdar
398,http://www.wikidata.org/entity/Q98285609,Yogendra Srivastava
399,http://www.wikidata.org/entity/Q99435848,G. Jogesh Babu
400,http://www.wikidata.org/entity/Q2127242,Raghubir Singh
401,http://www.wikidata.org/entity/Q102207922,M. B. Rao
402,http://www.wikidata.org/entity/Q102434787,K. Lakshmanasamy
403,http://www.wikidata.org/entity/Q5247806,Debabrata Basu
404,http://www.wikidata.org/entity/Q110857077,Kangzangding Thou
405,http://www.wikidata.org/entity/Q110982501,Nematullah Azami
406,http://www.wikidata.org/entity/Q111516500,Arun Kumar Choudhury
407,http://www.wikidata.org/entity/Q113016832,Murli H. Manghnani
408,http://www.wikidata.org/entity/Q5939753,Humayun Kabir
409,http://www.wikidata.org/entity/Q14495322,Vasudevan Srinivas
410,http://www.wikidata.org/entity/Q7283611,Rahul Pandharipande
411,http://www.wikidata.org/entity/Q113977167,Prem Prakash Srivastava
412,http://www.wikidata.org/entity/Q107453,Padma Kant Shukla
413,http://www.wikidata.org/entity/Q156333,J.B.S. Haldane
414,http://www.wikidata.org/entity/Q179201,Jayant Vishnu Narlikar
415,http://www.wikidata.org/entity/Q330168,Suhas Patankar
416,http://www.wikidata.org/entity/Q711237,Calyampudi Radhakrishna Rao
417,http://www.wikidata.org/entity/Q807098,Baptist Mudartha
418,http://www.wikidata.org/entity/Q1403901,Felix Wilfred
419,http://www.wikidata.org/entity/Q1718182,K. S. Chandrasekharan
420,http://www.wikidata.org/entity/Q1797780,Lakshminarayanan Mahadevan
421,http://www.wikidata.org/entity/Q7565096,Sourav Chatterjee
422,http://www.wikidata.org/entity/Q16106994,Abhaya Indrayan
423,http://www.wikidata.org/entity/Q2688170,Birbal Sahni
424,http://www.wikidata.org/entity/Q2896848,Sanjay Subrahmanyam
425,http://www.wikidata.org/entity/Q13534569,Gopinath Kallianpur
426,http://www.wikidata.org/entity/Q3909884,Pranab K. Sen
427,http://www.wikidata.org/entity/Q4740015,Amar Gupta
428,http://www.wikidata.org/entity/Q4902985,Bibek Debroy
429,http://www.wikidata.org/entity/Q5243136,Dayendranath Burrenchobay
430,http://www.wikidata.org/entity/Q15989278,Sunil Khilnani
431,http://www.wikidata.org/entity/Q5542806,George Nedungatt
432,http://www.wikidata.org/entity/Q6017693,Inder Verma
433,http://www.wikidata.org/entity/Q6123529,Jaideep Prabhu
434,http://www.wikidata.org/entity/Q6936677,Munish Chandra Puri
435,http://www.wikidata.org/entity/Q7282943,Raghavan N. Iyer
436,http://www.wikidata.org/entity/Q7672638,T C Narendran
437,http://www.wikidata.org/entity/Q7785545,Thiruvenkatachari Parthasarathy
438,http://www.wikidata.org/entity/Q20798882,Amalendu Krishna
439,http://www.wikidata.org/entity/Q93151,Avinash Kak
440,http://www.wikidata.org/entity/Q726244,Ashoke Sen
441,http://www.wikidata.org/entity/Q11141293,Nirad N. Mohapatra
442,http://www.wikidata.org/entity/Q1585395,Harish-Chandra
443,http://www.wikidata.org/entity/Q2393889,Taranath Rao
444,http://www.wikidata.org/entity/Q2663106,Satya Vrat Shastri
445,http://www.wikidata.org/entity/Q41447304,Harpreet Singh
446,http://www.wikidata.org/entity/Q3847508,Ernest Dunlop Swinton
447,http://www.wikidata.org/entity/Q4667388,Abhijat Joshi
448,http://www.wikidata.org/entity/Q4746269,Anil Kumar Das
449,http://www.wikidata.org/entity/Q4795479,Arogyaswami Paulraj
450,http://www.wikidata.org/entity/Q4802143,Arun Sundararajan
451,http://www.wikidata.org/entity/Q4805732,Ashok Gadgil
452,http://www.wikidata.org/entity/Q15429929,Jafar us Sadiq Mufaddal Saifuddin
453,http://www.wikidata.org/entity/Q15835702,Moses Charikar
454,http://www.wikidata.org/entity/Q16105032,Kamaljit S. Bawa
455,http://www.wikidata.org/entity/Q16739433,Asaf Ali Asghar Fyzee
456,http://www.wikidata.org/entity/Q6732757,Mahadeva Subramania Mani
457,http://www.wikidata.org/entity/Q6944385,Muzammil H. Siddiqi
458,http://www.wikidata.org/entity/Q7387800,S. Rajasekharan
459,http://www.wikidata.org/entity/Q7423979,Sargur Srihari
460,http://www.wikidata.org/entity/Q18218032,Soumen Chakrabarti
461,http://www.wikidata.org/entity/Q7635065,Sugata Bose
462,http://www.wikidata.org/entity/Q18349927,Abraham Eraly
463,http://www.wikidata.org/entity/Q19547762,Munirathna Anandakrishnan
464,http://www.wikidata.org/entity/Q93034,Ravindran Kannan
465,http://www.wikidata.org/entity/Q132489,Amartya Sen
466,http://www.wikidata.org/entity/Q205782,Sivaramakrishna Chandrasekhar
467,http://www.wikidata.org/entity/Q12222481,Abdul Bari Nadvi
468,http://www.wikidata.org/entity/Q14948956,Narayan Sadashiv Hosmane
469,http://www.wikidata.org/entity/Q26212229,V. Ittekkot
470,http://www.wikidata.org/entity/Q5276804,Dilip Kumar Chakrabarti
471,http://www.wikidata.org/entity/Q6323832,Kalyanapuram Rangachari Parthasarathy
472,http://www.wikidata.org/entity/Q38046381,Nam Parshad Bhatia
473,http://www.wikidata.org/entity/Q7668791,Tiruppattur Venkatachalamurti Ramakrishnan
474,http://www.wikidata.org/entity/Q21175222,Bharat Ratra
475,http://www.wikidata.org/entity/Q63974682,Basudev Sahoo
476,http://www.wikidata.org/entity/Q23928192,Srikanth Iyengar
477,http://www.wikidata.org/entity/Q28042829,K. S. V. Santhanam
478,http://www.wikidata.org/entity/Q60368175,Hrushikesh Panda
479,http://www.wikidata.org/entity/Q60021844,Muhammed Basheer
480,http://www.wikidata.org/entity/Q61824573,Ramesh Sumant Mehta
481,http://www.wikidata.org/entity/Q61996747,Mahesh Champaklal
482,http://www.wikidata.org/entity/Q61893445,Sarat Chandra Pradhan
483,http://www.wikidata.org/entity/Q107507154,Ranjan Ghosh
484,http://www.wikidata.org/entity/Q103862573,Bharat Bhusan Rath
485,http://www.wikidata.org/entity/Q90093051,B. B. Desai
486,http://www.wikidata.org/entity/Q102123223,Mukul Kumar Majumdar
487,http://www.wikidata.org/entity/Q102441811,John Augustine
488,http://www.wikidata.org/entity/Q60429,Chandrasekhara Venkata Raman
489,http://www.wikidata.org/entity/Q94640541,Karamat Ali Karamat
490,http://www.wikidata.org/entity/Q107221346,Gurdip Singh
491,http://www.wikidata.org/entity/Q110371703,Kuldeep Shastri
492,http://www.wikidata.org/entity/Q98664736,Rudolf Hanel
493,http://www.wikidata.org/entity/Q102189218,Balkrishna Vasudeo Sukhatme
494,http://www.wikidata.org/entity/Q91722746,Subhashis Ghosal
495,http://www.wikidata.org/entity/Q2611253,Camille Bulcke
496,http://www.wikidata.org/entity/Q3258719,Lokesh Chandra
497,http://www.wikidata.org/entity/Q320578,Abhijit Banerjee
498,http://www.wikidata.org/entity/Q6203258,Jitendra Malik
499,http://www.wikidata.org/entity/Q6365467,Kanti Bajpai
500,http://www.wikidata.org/entity/Q92830,Subhash Kak
501,http://www.wikidata.org/entity/Q377898,Meghnad Saha
502,http://www.wikidata.org/entity/Q380226,Benode Behari Mukherjee
503,http://www.wikidata.org/entity/Q382760,Narinder Singh Kapany
504,http://www.wikidata.org/entity/Q655590,Sendhil Mullainathan
505,http://www.wikidata.org/entity/Q734521,Rajmohan Gandhi
506,http://www.wikidata.org/entity/Q981811,Muhammad Hamidullah
507,http://www.wikidata.org/entity/Q1172852,Braj Kachru
508,http://www.wikidata.org/entity/Q1384866,E. C. George Sudarshan
509,http://www.wikidata.org/entity/Q1702464,Johnson Gnanabaranam
510,http://www.wikidata.org/entity/Q4746916,Amitabha Chattopadhyay
511,http://www.wikidata.org/entity/Q1887901,Mani Kaul
512,http://www.wikidata.org/entity/Q2107718,Pramod Kumar Chaubey
513,http://www.wikidata.org/entity/Q2107735,Pranab Bardhan
514,http://www.wikidata.org/entity/Q2409133,Thanu Padmanabhan
515,http://www.wikidata.org/entity/Q3344992,Syama Prasad Mukherjee
516,http://www.wikidata.org/entity/Q4107198,K. Venkataraman
517,http://www.wikidata.org/entity/Q7675504,Tahir Mahmood
518,http://www.wikidata.org/entity/Q4526625,T. N. Srinivasan
519,http://www.wikidata.org/entity/Q4767885,Annamalai Ramanathan
520,http://www.wikidata.org/entity/Q4890148,Benoy Kumar Sarkar
521,http://www.wikidata.org/entity/Q4900896,Bhalchandra Mungekar
522,http://www.wikidata.org/entity/Q4916340,Birinchi Kumar Barua
523,http://www.wikidata.org/entity/Q7126753,Palash Sarkar
524,http://www.wikidata.org/entity/Q7631351,Subir Sachdev
525,http://www.wikidata.org/entity/Q21338472,S. Hareesh Joshy
526,http://www.wikidata.org/entity/Q156349,Sarvepalli Radhakrishnan
527,http://www.wikidata.org/entity/Q791030,Avinash Dixit
528,http://www.wikidata.org/entity/Q1061791,Chandrakant S. Desai
529,http://www.wikidata.org/entity/Q1595192,Ramchandra Gandhi
530,http://www.wikidata.org/entity/Q1959649,N. Viswanathan
531,http://www.wikidata.org/entity/Q2066255,Fazlur Rahman Malik
532,http://www.wikidata.org/entity/Q2214092,Saleem Kidwai
533,http://www.wikidata.org/entity/Q2368430,Suresh Chabria
534,http://www.wikidata.org/entity/Q3342123,Nirmal Kumar Bose
535,http://www.wikidata.org/entity/Q3389105,Ami Bera
536,http://www.wikidata.org/entity/Q3595294,Ram Sharan Sharma
537,http://www.wikidata.org/entity/Q3595572,Kavalam Madhava Panikkar
538,http://www.wikidata.org/entity/Q3709922,Tirukkannapuram Vijayaraghavan
539,http://www.wikidata.org/entity/Q4647478,A. A. Krishnaswami Ayyangar
540,http://www.wikidata.org/entity/Q15953952,Satyabrata Sarkar
541,http://www.wikidata.org/entity/Q16137692,K. G. Atiyoti
542,http://www.wikidata.org/entity/Q16186854,A.N. Rai
543,http://www.wikidata.org/entity/Q16442100,Arvind Narayanan
544,http://www.wikidata.org/entity/Q17306418,Rajesh Talwar
545,http://www.wikidata.org/entity/Q6892247,Mohammad Najatuallah Siddiqui
546,http://www.wikidata.org/entity/Q6965421,Narasimhaiengar Mukunda
547,http://www.wikidata.org/entity/Q7293150,Ranjit Bhatia
548,http://www.wikidata.org/entity/Q19898420,Mahendra Singh Sodha
549,http://www.wikidata.org/entity/Q31440090,Savio Antonio Ferreira Vaz
550,http://www.wikidata.org/entity/Q92963,Rajeev Motwani
551,http://www.wikidata.org/entity/Q93029,Manindra Agrawal
552,http://www.wikidata.org/entity/Q21061567,Chandrashekhar J. Joshi
553,http://www.wikidata.org/entity/Q21062595,Prabhat C. Chandra
554,http://www.wikidata.org/entity/Q28950235,Shashi Shekhar
555,http://www.wikidata.org/entity/Q15630558,Panchanan Maheshwari
556,http://www.wikidata.org/entity/Q26997670,Sardul Singh Guraya
557,http://www.wikidata.org/entity/Q28606460,Subhasis Chaudhuri
558,http://www.wikidata.org/entity/Q28758007,Krushna Prasad Mishra
559,http://www.wikidata.org/entity/Q18155538,Raj Mittra
560,http://www.wikidata.org/entity/Q20006860,Ratan Shankar Mishra
561,http://www.wikidata.org/entity/Q23806533,Khalifa Abdul Hakim
562,http://www.wikidata.org/entity/Q23929937,Kailash C. Misra
563,http://www.wikidata.org/entity/Q29401275,Biswa Ranjan Nag
564,http://www.wikidata.org/entity/Q30175667,Mir Valiuddin
565,http://www.wikidata.org/entity/Q57612960,Ashok Swain
566,http://www.wikidata.org/entity/Q63114129,Sunil Gupta
567,http://www.wikidata.org/entity/Q66533881,Dinesh Gupta
568,http://www.wikidata.org/entity/Q61293411,Ahammed Junaid
569,http://www.wikidata.org/entity/Q45789,Satyendra Nath Bose
570,http://www.wikidata.org/entity/Q70079649,N. M. Pearson
571,http://www.wikidata.org/entity/Q69422200,Purushothaman Chirakkuzhyil Abhilash
572,http://www.wikidata.org/entity/Q93316699,Jyoti Prasad Medhi
573,http://www.wikidata.org/entity/Q93939001,Hari Vasudevan
574,http://www.wikidata.org/entity/Q12817,Probal Dasgupta
575,http://www.wikidata.org/entity/Q55748,Ramchandra Siras
576,http://www.wikidata.org/entity/Q94507574,Harjinder Singh
577,http://www.wikidata.org/entity/Q105955429,Q105955429
578,http://www.wikidata.org/entity/Q98381130,Abhra Bose
579,http://www.wikidata.org/entity/Q98413291,Bhakti Prasad Mallik
580,http://www.wikidata.org/entity/Q102130730,Jayaram Sethuraman
581,http://www.wikidata.org/entity/Q102206911,Somesh Das Gupta
582,http://www.wikidata.org/entity/Q102240253,Gauri Datta
583,http://www.wikidata.org/entity/Q19668710,Devi Datt Sharma
584,http://www.wikidata.org/entity/Q97246634,Hiralal Chaudhuri
585,http://www.wikidata.org/entity/Q112625357,Tarak Mohan Das
586,http://www.wikidata.org/entity/Q113626524,Ranjit Kumar Dev Goswami
587,http://www.wikidata.org/entity/Q114493954,Nizamuddin Azmi
588,http://www.wikidata.org/entity/Q114774406,Aslam Azad
589,http://www.wikidata.org/entity/Q105447938,Santokh Singh Anand
590,http://www.wikidata.org/entity/Q105612143,Subhadeep Gupta
591,http://www.wikidata.org/entity/Q106080467,A. Y. Asundi
592,http://www.wikidata.org/entity/Q107317653,Tej Vir Singh
593,http://www.wikidata.org/entity/Q110798773,Ramachandra Ramanathan
594,http://www.wikidata.org/entity/Q114345548,Sourav Mitra
595,http://www.wikidata.org/entity/Q93051,Lov Grover
596,http://www.wikidata.org/entity/Q93149,Madhu Sudan
597,http://www.wikidata.org/entity/Q212512,Hariprasad Chaurasia
598,http://www.wikidata.org/entity/Q253960,Ravi Sethi
599,http://www.wikidata.org/entity/Q278075,Prakash Karat
600,http://www.wikidata.org/entity/Q475162,Mohan Agashe
601,http://www.wikidata.org/entity/Q559903,Jagdish Bhagwati
602,http://www.wikidata.org/entity/Q724089,U. R. Ananthamurthy
603,http://www.wikidata.org/entity/Q1022565,C. S. Prakash
604,http://www.wikidata.org/entity/Q1085793,Satyananda Saraswati
605,http://www.wikidata.org/entity/Q1159876,Daniel Acharuparambil
606,http://www.wikidata.org/entity/Q1690680,Peri Sarveswara Sharma
607,http://www.wikidata.org/entity/Q1709938,Purushottam Vishvanath Bapat
608,http://www.wikidata.org/entity/Q2127253,Raghunath Murmu
609,http://www.wikidata.org/entity/Q2279314,Shiraz Minwalla
610,http://www.wikidata.org/entity/Q2804852,V. Kumar Murty
611,http://www.wikidata.org/entity/Q4730272,Alladi Ramakrishnan
612,http://www.wikidata.org/entity/Q59660347,Krishnamurthy Subramanian
613,http://www.wikidata.org/entity/Q7130275,Panchanan Mohanty
614,http://www.wikidata.org/entity/Q7131284,Pankaj Ghemawat
615,http://www.wikidata.org/entity/Q7343742,Robert E. Brown
616,http://www.wikidata.org/entity/Q60194434,Ashok Lahiri
617,http://www.wikidata.org/entity/Q124151036,Chakradhar Satapathy
618,http://www.wikidata.org/entity/Q62570999,Govind Singh Rajpurohit
619,http://www.wikidata.org/entity/Q251282,Dipesh Chakrabarty
620,http://www.wikidata.org/entity/Q121339042,Nishant Shah
621,http://www.wikidata.org/entity/Q64858875,Sushil Biswas
622,http://www.wikidata.org/entity/Q15456472,Jayandra Soni
623,http://www.wikidata.org/entity/Q89376336,Laxmikant Pathade
624,http://www.wikidata.org/entity/Q124652356,Suresh Nayak
625,http://www.wikidata.org/entity/Q18157119,Ramamoorthy Ramesh
626,http://www.wikidata.org/entity/Q71332945,Mahipatsinh Chavda
627,http://www.wikidata.org/entity/Q21244972,B. N. Goswamy
628,http://www.wikidata.org/entity/Q116730722,Dayanidhi Das
629,http://www.wikidata.org/entity/Q21715732,Syed Jan Abas
630,http://www.wikidata.org/entity/Q458855,Sivananda Saraswati
631,http://www.wikidata.org/entity/Q105077275,Sujit Chattopadhyay
632,http://www.wikidata.org/entity/Q22279880,Hosahalli Ramaswamy
633,http://www.wikidata.org/entity/Q78846740,T. Torechu
634,http://www.wikidata.org/entity/Q80409363,Abu Raihan Biswas
635,http://www.wikidata.org/entity/Q31789488,Harman
636,http://www.wikidata.org/entity/Q91885245,Sris Chandra Chattopadhyaya
637,http://www.wikidata.org/entity/Q7649150,Susobhan Sarkar
638,http://www.wikidata.org/entity/Q103819830,Ranjitsinh Disale
639,http://www.wikidata.org/entity/Q9340898,Srivatsa Ramaswami
640,http://www.wikidata.org/entity/Q31320464,Manohar Rai Sardesai
641,http://www.wikidata.org/entity/Q105905492,K. V. Satyanarayana
642,http://www.wikidata.org/entity/Q2757366,Chhotubhai Purani
643,http://www.wikidata.org/entity/Q36983746,Krishna B. Athreya
644,http://www.wikidata.org/entity/Q42843433,Aloke Paul
645,http://www.wikidata.org/entity/Q120869603,Ashok Kumar Sahu
646,http://www.wikidata.org/entity/Q3511915,T.K.V. Desikachar
647,http://www.wikidata.org/entity/Q97253261,Nikunja Sen
648,http://www.wikidata.org/entity/Q124652374,Chittaranjan Nayak
649,http://www.wikidata.org/entity/Q108405650,Sudhindranath Raha
650,http://www.wikidata.org/entity/Q124637889,Prashant Das
651,http://www.wikidata.org/entity/Q6712357,M. A. Ramlu
652,http://www.wikidata.org/entity/Q113030422,Kynpham Sing Nongkynrih
653,http://www.wikidata.org/entity/Q113451850,Prasad Chandra Tudu
654,http://www.wikidata.org/entity/Q113453857,Kailash P S S Hembram
655,http://www.wikidata.org/entity/Q124149314,Bibhu Mohapatra
656,http://www.wikidata.org/entity/Q114026320,Aruna Mahananda
657,http://www.wikidata.org/entity/Q7559132,Somak Raychaudhury
658,http://www.wikidata.org/entity/Q111362647,Swami Shivananda Baba
659,http://www.wikidata.org/entity/Q5314070,Gopinath Mohanty
660,http://www.wikidata.org/entity/Q119521830,Murali Shanmugavelan
661,http://www.wikidata.org/entity/Q120892696,Ellappa Pillai
662,http://www.wikidata.org/entity/Q121032299,Ajit K. Mohanty
663,http://www.wikidata.org/entity/Q121032309,Anil Kumar Patnaik
664,http://www.wikidata.org/entity/Q121032323,Asis Patnaik
665,http://www.wikidata.org/entity/Q121032901,Debadatta Mohanty
666,http://www.wikidata.org/entity/Q121037598,Asis Patnaik
667,http://www.wikidata.org/entity/Q121087722,Shyam Charan Hembram
668,http://www.wikidata.org/entity/Q254430,Chidananda Dasgupta
669,http://www.wikidata.org/entity/Q122199325,Achyut Yagnik
670,http://www.wikidata.org/entity/Q860127,Bikram Choudhury
671,http://www.wikidata.org/entity/Q2841901,Ambat Gopalan Kutty Menon
672,http://www.wikidata.org/entity/Q123851110,Vishnubhatla Subrahmanya Sastry
673,http://www.wikidata.org/entity/Q4770062,Anoop Swarup
674,http://www.wikidata.org/entity/Q5512245,G. Gangadharan Nair
675,http://www.wikidata.org/entity/Q5657902,Harish Naval
676,http://www.wikidata.org/entity/Q124652406,Saroj Kumar Mohanty
677,http://www.wikidata.org/entity/Q7645342,Surajit Chandra Sinha
678,http://www.wikidata.org/entity/Q16243454,Arindam Banik
679,http://www.wikidata.org/entity/Q60159175,Mohanrao Kallianpurkar
680,http://www.wikidata.org/entity/Q31725517,Ajit Basu
681,http://www.wikidata.org/entity/Q26251252,Dipankar Chatterji
682,http://www.wikidata.org/entity/Q27947608,Naveen Garg
683,http://www.wikidata.org/entity/Q28006856,Adya Prasad Pandey
684,http://www.wikidata.org/entity/Q28457161,K.A. Padmanabhan
685,http://www.wikidata.org/entity/Q110220930,Muhammad Umar
686,http://www.wikidata.org/entity/Q112131672,Yash Moradiya
687,http://www.wikidata.org/entity/Q113634875,Narendra Mohan
688,http://www.wikidata.org/entity/Q64017436,Janak Dave
689,http://www.wikidata.org/entity/Q43204158,Deepak T. Nair
690,http://www.wikidata.org/entity/Q110148578,Raghavendra P. Tiwari
691,http://www.wikidata.org/entity/Q75436598,Manabendranath Saha
692,http://www.wikidata.org/entity/Q76721186,Bimalendu Sinha Roy
693,http://www.wikidata.org/entity/Q89452060,Dambarudhar Shiba Sankar Hembram
694,http://www.wikidata.org/entity/Q90284335,Dev Swarup
695,http://www.wikidata.org/entity/Q53619,Rambhadracharya
696,http://www.wikidata.org/entity/Q4746828,Amit Abraham
697,http://www.wikidata.org/entity/Q87349579,Soumendra Mohan Patnaik
698,http://www.wikidata.org/entity/Q5654391,Harbhajan Singh
699,http://www.wikidata.org/entity/Q113463807,Deepak Kumar Behera
700,http://www.wikidata.org/entity/Q113448896,Tony Murmu
701,http://www.wikidata.org/entity/Q113451969,Naku Hansda
702,http://www.wikidata.org/entity/Q113475303,Mangu Purty
703,http://www.wikidata.org/entity/Q2876652,B. Raman
704,http://www.wikidata.org/entity/Q97464367,M. K. A. Hameed
705,http://www.wikidata.org/entity/Q113329440,Mohin Mohammad
706,http://www.wikidata.org/entity/Q113451796,Divyendu Tudu Rasaka
707,http://www.wikidata.org/entity/Q113453795,Manoj Kumar Hansda
708,http://www.wikidata.org/entity/Q113641992,Shiv Sharma Joshi
709,http://www.wikidata.org/entity/Q104218226,Sadashiv Misra
710,http://www.wikidata.org/entity/Q111470790,Sunanda Sanyal
711,http://www.wikidata.org/entity/Q19428785,Atul Tandon
712,http://www.wikidata.org/entity/Q113517836,Bikram Jora
713,http://www.wikidata.org/entity/Q114811792,Asis Kumar Chattopadhyay
714,http://www.wikidata.org/entity/Q106648189,S. P. Chakravarti
715,http://www.wikidata.org/entity/Q106728824,Bhaskar Maiya
716,http://www.wikidata.org/entity/Q2280920,Sibnarayan Ray
717,http://www.wikidata.org/entity/Q2292778,Kirti N. Chaudhuri
718,http://www.wikidata.org/entity/Q111204073,Dr. Shwet Goswami
719,http://www.wikidata.org/entity/Q6965967,Narinder Kumar Gupta
720,http://www.wikidata.org/entity/Q7121546,Pabitra Kumar Giri
721,http://www.wikidata.org/entity/Q113452040,Sanjay Kumar Hansda
722,http://www.wikidata.org/entity/Q113548456,Ranjan Kumar Sasmal
723,http://www.wikidata.org/entity/Q113557736,Vinodh Rajan
724,http://www.wikidata.org/entity/Q113628021,Jatinderkumar R. Saini
725,http://www.wikidata.org/entity/Q310773,Abdul Qadeer Khan
726,http://www.wikidata.org/entity/Q1569992,Hakim Syed Zillur Rahman
727,http://www.wikidata.org/entity/Q2992962,Ramdhari Singh Dinkar
728,http://www.wikidata.org/entity/Q60736123,Rahul Banerjee
729,http://www.wikidata.org/entity/Q60734344,Amit Kumar
730,http://www.wikidata.org/entity/Q4707810,Alan Spence
731,http://www.wikidata.org/entity/Q4805717,Ashok Banerjee
732,http://www.wikidata.org/entity/Q4805741,Ashok Jhunjhunwala
733,http://www.wikidata.org/entity/Q5212772,Damodar Acharya
734,http://www.wikidata.org/entity/Q5407624,Eugene Pandala
735,http://www.wikidata.org/entity/Q6127570,Jamal Khwaja
736,http://www.wikidata.org/entity/Q6816763,Mendu Rammohan Rao
737,http://www.wikidata.org/entity/Q6959856,Naiyer Masud
738,http://www.wikidata.org/entity/Q6965904,Nari Gandhi
739,http://www.wikidata.org/entity/Q7040167,Nisar Ahmed Faruqi
740,http://www.wikidata.org/entity/Q7387378,Shantaram Balwant Mujumdar
741,http://www.wikidata.org/entity/Q7660290,Syed Ali Akbar
742,http://www.wikidata.org/entity/Q19609482,Achal Bakeri
743,http://www.wikidata.org/entity/Q3348646,Abul Hasan Ali Hasani Nadwi
744,http://www.wikidata.org/entity/Q3442375,Kailash Satyarthi
745,http://www.wikidata.org/entity/Q4700750,Akhileshwar Pathak
746,http://www.wikidata.org/entity/Q4751439,Ananta Charan Sukla
747,http://www.wikidata.org/entity/Q5620254,Gurpreet Singh Lehal
748,http://www.wikidata.org/entity/Q16137056,R. Narayanapaniker
749,http://www.wikidata.org/entity/Q19891564,Vishnu Madhav Ghatage
750,http://www.wikidata.org/entity/Q16727505,Bishwajit Bhattacharjee
751,http://www.wikidata.org/entity/Q16727897,B. B. Chakrabarti
752,http://www.wikidata.org/entity/Q16733215,Gopal Krishna Nayak
753,http://www.wikidata.org/entity/Q6746269,Man Singh Tyagi
754,http://www.wikidata.org/entity/Q7387892,S. Shankar Sastry
755,http://www.wikidata.org/entity/Q7937584,Vivek Bhandari
756,http://www.wikidata.org/entity/Q7971258,Waryam Singh Sandhu
757,http://www.wikidata.org/entity/Q19610139,Gurbachan Singh Bhullar
758,http://www.wikidata.org/entity/Q457933,S. R. Ranganathan
759,http://www.wikidata.org/entity/Q32672125,Bibudhendra Narayan Patnaik
760,http://www.wikidata.org/entity/Q43384580,Amit Dutt
761,http://www.wikidata.org/entity/Q42665876,Vinay Gupta
762,http://www.wikidata.org/entity/Q13008045,Rama Chandra Mouli
763,http://www.wikidata.org/entity/Q24006401,Dilbagh Singh Athwal
764,http://www.wikidata.org/entity/Q15430462,Amitav Acharya
765,http://www.wikidata.org/entity/Q27916088,C. Pandu Rangan
766,http://www.wikidata.org/entity/Q17306128,K. Nageshwar
767,http://www.wikidata.org/entity/Q7238169,Prakash Chandra Mishra
768,http://www.wikidata.org/entity/Q19276873,R. B. S. Varma
769,http://www.wikidata.org/entity/Q47608541,Kaustuv Sanyal
770,http://www.wikidata.org/entity/Q29452603,T. Vasudeva Reddy
771,http://www.wikidata.org/entity/Q19668509,Vijender Kumar
772,http://www.wikidata.org/entity/Q20735827,Kuzhikalail M. Abraham
773,http://www.wikidata.org/entity/Q29048088,S.N. Sadasivan
774,http://www.wikidata.org/entity/Q33125310,Khageswar Mohapatra
775,http://www.wikidata.org/entity/Q45059292,Bimalendu Mohanty
776,http://www.wikidata.org/entity/Q64859051,Krishna Chandra Santra
777,http://www.wikidata.org/entity/Q72075149,Ram Probesh Mondal
778,http://www.wikidata.org/entity/Q105605167,Rajesh Kumar Malik
779,http://www.wikidata.org/entity/Q95166650,Bhaskar Vira
780,http://www.wikidata.org/entity/Q107379573,Ramesh Kumar Yadava
781,http://www.wikidata.org/entity/Q4778018,Anwar Ali
782,http://www.wikidata.org/entity/Q113360681,Satya P. Mohanty
783,http://www.wikidata.org/entity/Q113452100,Kalyan Hansda
784,http://www.wikidata.org/entity/Q113495409,Achyutananda Dash
785,http://www.wikidata.org/entity/Q5203755,D. P. Agrawal
786,http://www.wikidata.org/entity/Q113680923,Rehman Akhter
787,http://www.wikidata.org/entity/Q19666141,K. Ramasamy
788,http://www.wikidata.org/entity/Q4747054,Amlan Das Gupta
789,http://www.wikidata.org/entity/Q4765230,Anindya Sen
790,http://www.wikidata.org/entity/Q4804289,Asghar Ali Engineer
791,http://www.wikidata.org/entity/Q5203764,D. P. Tripathi
792,http://www.wikidata.org/entity/Q5628337,H. K. Kesavan
793,http://www.wikidata.org/entity/Q6111295,Rolla Seshagiri Rao
794,http://www.wikidata.org/entity/Q6122089,Jagadish
795,http://www.wikidata.org/entity/Q7238447,Prasad V. Bharatam
796,http://www.wikidata.org/entity/Q7286346,Rajnish Mehra
797,http://www.wikidata.org/entity/Q7288544,Ram Nath Shastri
798,http://www.wikidata.org/entity/Q7399852,Saibal Chattopadhyay
799,http://www.wikidata.org/entity/Q7493258,Shekhar Chaudhuri
800,http://www.wikidata.org/entity/Q7906015,V. C. Kulandaiswamy
801,http://www.wikidata.org/entity/Q7919207,Vellore A. R. Srinivasan
802,http://www.wikidata.org/entity/Q377861,Rajendra K. Pachauri
803,http://www.wikidata.org/entity/Q725500,Ashis Nandy
804,http://www.wikidata.org/entity/Q2401481,Brahma Chellaney
805,http://www.wikidata.org/entity/Q2444368,Jyotindra Jain
806,http://www.wikidata.org/entity/Q13646966,Ganti Prasada Rao
807,http://www.wikidata.org/entity/Q3595877,Shanti Swaroop Bhatnagar
808,http://www.wikidata.org/entity/Q4647515,Aneesh Aneesh
809,http://www.wikidata.org/entity/Q15443253,Swapan Kumar Chakravorty
810,http://www.wikidata.org/entity/Q4834142,B. P. Sanjay
811,http://www.wikidata.org/entity/Q4880769,Beheruz Sethna
812,http://www.wikidata.org/entity/Q5088084,Chaudhary Vinay Kumar
813,http://www.wikidata.org/entity/Q16057988,Ninan Abraham
814,http://www.wikidata.org/entity/Q16105216,Kaptan Singh Solanki
815,http://www.wikidata.org/entity/Q5512542,G. Viswanathan
816,http://www.wikidata.org/entity/Q16727901,Chuck Chakrapani
817,http://www.wikidata.org/entity/Q6712404,M. Aram
818,http://www.wikidata.org/entity/Q6712929,M. N. Vijayan
819,http://www.wikidata.org/entity/Q6983382,Xavier Thaninayagam
820,http://www.wikidata.org/entity/Q7238164,Prakash Apte
821,http://www.wikidata.org/entity/Q7273880,R. Narayanaswamy
822,http://www.wikidata.org/entity/Q7286054,Rajesh Gopakumar
823,http://www.wikidata.org/entity/Q7288460,Ram Dutt Joshi
824,http://www.wikidata.org/entity/Q7564588,Soumitra Dutta
825,http://www.wikidata.org/entity/Q7660455,Syed Waheed Ashraf
826,http://www.wikidata.org/entity/Q7876970,Uday Salunkhe
827,http://www.wikidata.org/entity/Q7906216,V. S. Huzurbazar
828,http://www.wikidata.org/entity/Q7933698,Virendra Swarup
829,http://www.wikidata.org/entity/Q19059629,Venugopal Govindaraju
830,http://www.wikidata.org/entity/Q22003293,Sudipto Banerjee
831,http://www.wikidata.org/entity/Q2684290,Bhaskar Chandavarkar
832,http://www.wikidata.org/entity/Q15223745,Satinder Singh Noor
833,http://www.wikidata.org/entity/Q15724846,Bibhuti Pattnaik
834,http://www.wikidata.org/entity/Q5266632,Devdatta Dabholkar
835,http://www.wikidata.org/entity/Q5628405,H. M. Nayak
836,http://www.wikidata.org/entity/Q5769765,Hirendranath Mukherjee
837,http://www.wikidata.org/entity/Q6122326,Jagdish Mukhi
838,http://www.wikidata.org/entity/Q6203267,Jitendra Nath Mohanty
839,http://www.wikidata.org/entity/Q6323357,K. G. Subramanyan
840,http://www.wikidata.org/entity/Q7261641,Purushottam Agrawal
841,http://www.wikidata.org/entity/Q7283607,Rahul Mukerjee
842,http://www.wikidata.org/entity/Q7418429,Sanjay Govind Dhande
843,http://www.wikidata.org/entity/Q7682039,Tan Chung
844,http://www.wikidata.org/entity/Q29180923,Avadhesh Narayan Singh
845,http://www.wikidata.org/entity/Q19667398,Gyanendra Nath Pande
846,http://www.wikidata.org/entity/Q17198464,Bhaskar Ramamurthi
847,http://www.wikidata.org/entity/Q15627003,Madabhushi Sridhar
848,http://www.wikidata.org/entity/Q16193262,V.M. Muralidharan
849,http://www.wikidata.org/entity/Q28858721,D. C. Chambial
850,http://www.wikidata.org/entity/Q67002143,Hafiz Ahmed
851,http://www.wikidata.org/entity/Q113449008,Hiubart Murmu
852,http://www.wikidata.org/entity/Q42530660,Raghunathan Srianand
853,http://www.wikidata.org/entity/Q42593690,Nissim Kanekar
854,http://www.wikidata.org/entity/Q47359709,P C K Prem
855,http://www.wikidata.org/entity/Q47452992,S. Ganesh
856,http://www.wikidata.org/entity/Q60736101,Thomas J. Pucadyil
857,http://www.wikidata.org/entity/Q64929793,Amar Singh Rai
858,http://www.wikidata.org/entity/Q60194638,Swadhin Kumar Mandal
859,http://www.wikidata.org/entity/Q80656173,Habibur Rahman
860,http://www.wikidata.org/entity/Q86809544,P. Duraisamy
861,http://www.wikidata.org/entity/Q7278681,Sayyed Belal Hasani
862,http://www.wikidata.org/entity/Q75026575,Namut Dai
863,http://www.wikidata.org/entity/Q85583882,Arun Kumar Kar
864,http://www.wikidata.org/entity/Q76654786,Kutub Ahmed Mazumder
865,http://www.wikidata.org/entity/Q90013999,Zayn al-Abidin Sajjad Meerthi
866,http://www.wikidata.org/entity/Q95692905,Mihir Kanade
867,http://www.wikidata.org/entity/Q113451961,Ajit Kumar Hansda
868,http://www.wikidata.org/entity/Q113456106,N. Hembram
869,http://www.wikidata.org/entity/Q113642177,Mukhtiar Singh Gill
870,http://www.wikidata.org/entity/Q278748,Charaka
871,http://www.wikidata.org/entity/Q283267,Dharamvir Bharati
872,http://www.wikidata.org/entity/Q380221,Vilayanur S. Ramachandran
873,http://www.wikidata.org/entity/Q115790712,Mohammed Abdul Moid Khan
874,http://www.wikidata.org/entity/Q4802125,Arun Netravali
875,http://www.wikidata.org/entity/Q4805727,Ashok Chakradhar
876,http://www.wikidata.org/entity/Q4901127,Bharat Karnad
877,http://www.wikidata.org/entity/Q5932306,Purushottama Lal
878,http://www.wikidata.org/entity/Q6395314,Ketan Desai
879,http://www.wikidata.org/entity/Q6944340,Muzaffar Alam
880,http://www.wikidata.org/entity/Q7117358,P. K. Kelkar
881,http://www.wikidata.org/entity/Q7450492,Seneka Bibile
882,http://www.wikidata.org/entity/Q7586441,Srinivas Aravamudan
883,http://www.wikidata.org/entity/Q7660301,Syed Amin Ashraf
884,http://www.wikidata.org/entity/Q7709525,Thalappil Pradeep
885,http://www.wikidata.org/entity/Q7906123,V. Madhusoodhanan Nair
886,http://www.wikidata.org/entity/Q7929146,Vijay Gupchup
887,http://www.wikidata.org/entity/Q527384,Pingala
888,http://www.wikidata.org/entity/Q1158102,Dalveer Bhandari
889,http://www.wikidata.org/entity/Q1206707,Devendra Singh
890,http://www.wikidata.org/entity/Q3489966,Somnath Bharadwaj
891,http://www.wikidata.org/entity/Q15345717,Keshab Chandra Nag
892,http://www.wikidata.org/entity/Q15726351,Balraj Pandit
893,http://www.wikidata.org/entity/Q6963110,Nand Dulare Bajpai
894,http://www.wikidata.org/entity/Q7237237,Prabhat Patnaik
895,http://www.wikidata.org/entity/Q7283013,Raghunath Dhondo Karve
896,http://www.wikidata.org/entity/Q7288464,Ram G. Takwale
897,http://www.wikidata.org/entity/Q7503932,Shridhar Bhaskar Warnekar
898,http://www.wikidata.org/entity/Q7508157,Siddheshwar Prasad
899,http://www.wikidata.org/entity/Q7633854,Sudipta Kaviraj
900,http://www.wikidata.org/entity/Q19666647,Nirmal Kumar Singh
901,http://www.wikidata.org/entity/Q19892247,Prem Lal Joshi
902,http://www.wikidata.org/entity/Q19898379,Indu Prakash Singh
903,http://www.wikidata.org/entity/Q21586327,Nalini Ranjan Mohanty
904,http://www.wikidata.org/entity/Q12065738,Deepak B. Phatak
905,http://www.wikidata.org/entity/Q23304463,Rawail Singh
906,http://www.wikidata.org/entity/Q2254118,G. N. Devy
907,http://www.wikidata.org/entity/Q2556057,Ajmer Singh
908,http://www.wikidata.org/entity/Q3595359,Akhlaq Mohammed Khan
909,http://www.wikidata.org/entity/Q26000241,Subodh Chandra Sengupta
910,http://www.wikidata.org/entity/Q4217594,T. N. Kaul
911,http://www.wikidata.org/entity/Q16018891,M.S. Rajan
912,http://www.wikidata.org/entity/Q16886007,T.R. Ramadas
913,http://www.wikidata.org/entity/Q28465322,Surendra Prasad
914,http://www.wikidata.org/entity/Q29033534,K. L. Johar
915,http://www.wikidata.org/entity/Q94414134,Rathin Mitra
916,http://www.wikidata.org/entity/Q21151351,Ravi Paturi
917,http://www.wikidata.org/entity/Q17495774,Mahinder Watsa
918,http://www.wikidata.org/entity/Q29379562,Krityunjai Prasad Sinha
919,http://www.wikidata.org/entity/Q20608721,Baldev Singh Dhaliwal
920,http://www.wikidata.org/entity/Q21062324,Ramamurti Rajaraman
921,http://www.wikidata.org/entity/Q43605944,Anand Kumar Bachhawat
922,http://www.wikidata.org/entity/Q38248991,Lambodar Prasad Singh
923,http://www.wikidata.org/entity/Q42162931,Sumit Ranjan Das
924,http://www.wikidata.org/entity/Q53528335,Ganesh Nagaraju
925,http://www.wikidata.org/entity/Q56420535,Rajendra Kumar Anayath
926,http://www.wikidata.org/entity/Q60215359,Digamber Hansda
927,http://www.wikidata.org/entity/Q69885253,Kiron Kumar Gogoi
928,http://www.wikidata.org/entity/Q60678578,Sudhir Kumar Vempati
929,http://www.wikidata.org/entity/Q124312023,Harish Chandra Rai
930,http://www.wikidata.org/entity/Q71029812,Barun Mazumder
931,http://www.wikidata.org/entity/Q83589630,Golok Chandra Goswami
932,http://www.wikidata.org/entity/Q85583705,Thrinimong Sangtam
933,http://www.wikidata.org/entity/Q87786097,Y. C. Simhadri
934,http://www.wikidata.org/entity/Q100701242,S. C. Sharma
935,http://www.wikidata.org/entity/Q105011426,S. K. Gakhar
936,http://www.wikidata.org/entity/Q113251093,Raj Kumar
937,http://www.wikidata.org/entity/Q113453845,Krushna Chandra Hembram
938,http://www.wikidata.org/entity/Q113453844,Manik Lal Hembram
939,http://www.wikidata.org/entity/Q113453797,Rajesh Hansda
940,http://www.wikidata.org/entity/Q113530067,Shantipriya Parida
941,http://www.wikidata.org/entity/Q113530714,Nab Kishore Behura
942,http://www.wikidata.org/entity/Q113645694,Tejinder Singh
943,http://www.wikidata.org/entity/Q105939296,Sreeramula Rajeswara Sarma
944,http://www.wikidata.org/entity/Q64211681,Soumendra Kumar Sahoo
945,http://www.wikidata.org/entity/Q113301261,Mohammed Yamin
946,http://www.wikidata.org/entity/Q58769648,Singaraju Nagabhushana Rao
947,http://www.wikidata.org/entity/Q47231059,Mufti Khalil Khan Barkati
948,http://www.wikidata.org/entity/Q7175384,Peter Lawrence
949,http://www.wikidata.org/entity/Q16193630,Hemavathi
950,http://www.wikidata.org/entity/Q31380797,Q31380797
951,http://www.wikidata.org/entity/Q102316243,Ajith Abraham
952,http://www.wikidata.org/entity/Q104225945,K. Chandrasekhara Sasthri
953,http://www.wikidata.org/entity/Q108405819,Kalidas Bhattacharya
954,http://www.wikidata.org/entity/Q97250896,Niranjan Dhar
955,http://www.wikidata.org/entity/Q111127457,Jyoti Prakash Mohapatra
956,http://www.wikidata.org/entity/Q91477628,Bherumal Meharchand Advani
957,http://www.wikidata.org/entity/Q114350766,Amar Deep Singh Hari
958,http://www.wikidata.org/entity/Q105077324,Nanda Prusty
959,http://www.wikidata.org/entity/Q96226671,Bihuram Boro
960,http://www.wikidata.org/entity/Q108484576,p. Heramba Nathan
961,http://www.wikidata.org/entity/Q98439877,Muhammad Tariq Ayyubi Nadwi
962,http://www.wikidata.org/entity/Q29557135,Sudhanshu Shekhar Jha
963,http://www.wikidata.org/entity/Q97251707,Prabas Jeeban Choudhury
964,http://www.wikidata.org/entity/Q55196719,Raj Kumar
965,http://www.wikidata.org/entity/Q108405917,Atul Chandra Sen
966,http://www.wikidata.org/entity/Q108405771,Amalendu Chakraborty
967,http://www.wikidata.org/entity/Q108405865,Jitendranath Kushari
968,http://www.wikidata.org/entity/Q108405644,Dilip Kumar Biswas
969,http://www.wikidata.org/entity/Q111127455,Abhash Kumar Boral
970,http://www.wikidata.org/entity/Q110260606,Prashanta Kumar Pal
971,http://www.wikidata.org/entity/Q113551124,Maniklal Sinha
972,http://www.wikidata.org/entity/Q115537319,Anurag Basnet
973,http://www.wikidata.org/entity/Q115585555,Kanhaiya Prasad
974,http://www.wikidata.org/entity/Q539048,S. N. Goenka
975,http://www.wikidata.org/entity/Q116772723,Nripendra Chandra Banerji
976,http://www.wikidata.org/entity/Q117075507,Shyam Manav
977,http://www.wikidata.org/entity/Q2564301,Surendranath Dasgupta
978,http://www.wikidata.org/entity/Q117343046,Atindranath Basu Thakur
979,http://www.wikidata.org/entity/Q117347913,Abanti Kumar Sanyal
980,http://www.wikidata.org/entity/Q2769650,Moraridas Hariyani
981,http://www.wikidata.org/entity/Q2775008,Sairam Dave
982,http://www.wikidata.org/entity/Q117461444,Yudhishthir Jana
983,http://www.wikidata.org/entity/Q117817845,Amalesh Tripathi
984,http://www.wikidata.org/entity/Q117822135,Arup Ratan Bhattacharya
985,http://www.wikidata.org/entity/Q117822317,Bijan Bihari Bhattacharya
986,http://www.wikidata.org/entity/Q117822372,Ananda Bagchi
987,http://www.wikidata.org/entity/Q117824209,Chittaranjan Maity
988,http://www.wikidata.org/entity/Q117841594,Makhanlal Roychoudhury
989,http://www.wikidata.org/entity/Q117845551,Hitesh Ranjan Sanyal
990,http://www.wikidata.org/entity/Q4805125,Ashiq Ilahi
991,http://www.wikidata.org/entity/Q6352540,Kalidas Roy
992,http://www.wikidata.org/entity/Q119856921,ABDURRAHMAN DARBHANGWi
993,http://www.wikidata.org/entity/Q120282626,Nityananda Binod Goswami
994,http://www.wikidata.org/entity/Q7301619,Rebati Mohan Dutta Choudhury
995,http://www.wikidata.org/entity/Q7387783,S. R. Ekkundi
996,http://www.wikidata.org/entity/Q120801940,Hemanta Dalapati
997,http://www.wikidata.org/entity/Q18536844,Hemchandra Kekre
998,http://www.wikidata.org/entity/Q18936161,Shatrugna Nath
999,http://www.wikidata.org/entity/Q121303302,Motiullah Nazish
1000,http://www.wikidata.org/entity/Q20558150,S. Gangappa
1001,http://www.wikidata.org/entity/Q20631865,Salowkendraniladitya
1002,http://www.wikidata.org/entity/Q122285017,Haraprasad Mitra
1003,http://www.wikidata.org/entity/Q22132863,Amalendu De
1004,http://www.wikidata.org/entity/Q122733397,Pramathanath Sengupta
1005,http://www.wikidata.org/entity/Q2223219,Bhabendra Nath Saikia
1006,http://www.wikidata.org/entity/Q123113837,Menaka Thakur
1007,http://www.wikidata.org/entity/Q123180327,Anandsagar Tanna
1008,http://www.wikidata.org/entity/Q12999718,Dasaradhi Rangacharya
1009,http://www.wikidata.org/entity/Q2760801,Dilip Ranpura
1010,http://www.wikidata.org/entity/Q2764965,Eva Dave
1011,http://www.wikidata.org/entity/Q2765539,Balwantray Thakore
1012,http://www.wikidata.org/entity/Q123383973,Jugal Kishore Sarangi
1013,http://www.wikidata.org/entity/Q24004811,E.Kumaril Swamy
1014,http://www.wikidata.org/entity/Q25573267,Adusumilli Srinivasa Rao
1015,http://www.wikidata.org/entity/Q4887903,Beni Madhab Das
1016,http://www.wikidata.org/entity/Q15724129,Jagannath Mohanty
1017,http://www.wikidata.org/entity/Q124366836,Akshay Kumar Basu Majumdar
1018,http://www.wikidata.org/entity/Q6416290,Kirupanandha Variyar
1019,http://www.wikidata.org/entity/Q124620536,Stefan Prakash Eicher
1020,http://www.wikidata.org/entity/Q6785012,Master Dhanraj
1021,http://www.wikidata.org/entity/Q124737464,Dilip Majumdar
1022,http://www.wikidata.org/entity/Q7238881,Pravithanam PM Devasia
1023,http://www.wikidata.org/entity/Q7289194,Rambhatla Lakshminarayana Sastry
1024,http://www.wikidata.org/entity/Q28530131,Devang Vipin Khakhar
1025,http://www.wikidata.org/entity/Q18359114,P. J. Sudhakar
1026,http://www.wikidata.org/entity/Q18517608,Sudarshan Kumar Sehgal
1027,http://www.wikidata.org/entity/Q29651352,Jagwinder Jodha
1028,http://www.wikidata.org/entity/Q22095920,S Srikanta
1029,http://www.wikidata.org/entity/Q12437709,Parasmani Pradhan
1030,http://www.wikidata.org/entity/Q16137786,Chirayinkeezh Ramakrishnan Nair
1031,http://www.wikidata.org/entity/Q16145794,Tejomayananda
1032,http://www.wikidata.org/entity/Q31497883,Tavvā Ōbulreḍḍi
1033,http://www.wikidata.org/entity/Q21996854,Baikoli Mahapatra
1034,http://www.wikidata.org/entity/Q105450688,Q105450688
1035,http://www.wikidata.org/entity/Q24952528,T. V. Ibrahim
1036,http://www.wikidata.org/entity/Q115034898,Q115034898
1037,http://www.wikidata.org/entity/Q94709925,Sundaram Verma
1038,http://www.wikidata.org/entity/Q97251499,Gunamay Manna
1039,http://www.wikidata.org/entity/Q59315314,Kanavillil Rajagopalan
1040,http://www.wikidata.org/entity/Q54818512,M. Harikishan
1041,http://www.wikidata.org/entity/Q104489479,Murari Mohan Sahu
1042,http://www.wikidata.org/entity/Q265902,Tirumalai Krishnamacharya
1043,http://www.wikidata.org/entity/Q116393361,Bilal Asghar Deobandi
1044,http://www.wikidata.org/entity/Q96770029,Basanta Kumar Bhattacharyya
1045,http://www.wikidata.org/entity/Q5545142,George Thomas
1046,http://www.wikidata.org/entity/Q100988001,Eravankara Gopala Kurup
1047,http://www.wikidata.org/entity/Q7426186,Sathyan
1048,http://www.wikidata.org/entity/Q116209628,Purnendu Mukherjee
1049,http://www.wikidata.org/entity/Q5564285,Giriraj Kishore
1050,http://www.wikidata.org/entity/Q13000833,Q13000833
1051,http://www.wikidata.org/entity/Q1346713,K. Pattabhi Jois
1052,http://www.wikidata.org/entity/Q7048499,Nome
1053,http://www.wikidata.org/entity/Q16313160,Q16313160
1054,http://www.wikidata.org/entity/Q3536474,N. V. Krishna Warrier
1055,http://www.wikidata.org/entity/Q6434008,Kothapalli Jayashankar
1056,http://www.wikidata.org/entity/Q7117548,P. Sreeramakrishnan
1057,http://www.wikidata.org/entity/Q21866971,Q21866971
1058,http://www.wikidata.org/entity/Q104126186,P. V. Abraham
1059,http://www.wikidata.org/entity/Q115729635,Sivanath Barman
1060,http://www.wikidata.org/entity/Q106949986,Tribhuvan vyas
1061,http://www.wikidata.org/entity/Q107971506,Velayuthan Subbiah
1062,http://www.wikidata.org/entity/Q12992109,N. Gopi
1063,http://www.wikidata.org/entity/Q13111511,K. C. Abraham
1064,http://www.wikidata.org/entity/Q3521662,Ramachandra Guha
1065,http://www.wikidata.org/entity/Q4647796,A. G. Mohan
1066,http://www.wikidata.org/entity/Q5015394,Mooji
1067,http://www.wikidata.org/entity/Q16013821,Bhabatosh Datta
1068,http://www.wikidata.org/entity/Q16136208,C. H. Kanaran
1069,http://www.wikidata.org/entity/Q16137286,K. Krishnan
1070,http://www.wikidata.org/entity/Q19663326,Surya
1071,http://www.wikidata.org/entity/Q111114451,Yantrana Parikshit
1072,http://www.wikidata.org/entity/Q16934966,Dinanath Batra
1073,http://www.wikidata.org/entity/Q18921369,Rajith Kumar
1074,http://www.wikidata.org/entity/Q19891100,C. Ravichandran
1075,http://www.wikidata.org/entity/Q20606435,Gurtej Kuharwala
1076,http://www.wikidata.org/entity/Q20609946,Sompal Hera
1077,http://www.wikidata.org/entity/Q454696,Amar Bose
1078,http://www.wikidata.org/entity/Q13110603,M. Kumaran
1079,http://www.wikidata.org/entity/Q13113270,P. K. Koru
1080,http://www.wikidata.org/entity/Q2761799,Dhiru Parikh
1081,http://www.wikidata.org/entity/Q15648465,Ajitesh Bandopadhyay
1082,http://www.wikidata.org/entity/Q16096850,Raj Bisaria
1083,http://www.wikidata.org/entity/Q5588433,Gourish Kaikini
1084,http://www.wikidata.org/entity/Q16886355,Vinod Kumar Bansal
1085,http://www.wikidata.org/entity/Q7117114,P. A. Sampath Kumar
1086,http://www.wikidata.org/entity/Q28600218,Niranjan Pati
1087,http://www.wikidata.org/entity/Q7585709,Sreekrishnapuram Krishnankutty
1088,http://www.wikidata.org/entity/Q21104139,Ramkrishna Bhattacharya
1089,http://www.wikidata.org/entity/Q380449,Balkrishna Doshi
1090,http://www.wikidata.org/entity/Q33133749,Biswamay Pati
1091,http://www.wikidata.org/entity/Q2125632,Radha Charan Gupta
1092,http://www.wikidata.org/entity/Q2900953,Bibhutibhushan Bandyopadhyay
1093,http://www.wikidata.org/entity/Q16313590,V. Rao Vemuri
1094,http://www.wikidata.org/entity/Q27597326,Syed Zainul Abedin
1095,http://www.wikidata.org/entity/Q27736254,D. N. Premnath
1096,http://www.wikidata.org/entity/Q27950474,Manilal Desai
1097,http://www.wikidata.org/entity/Q6812280,Mufti Amjad Ali Aazmi
1098,http://www.wikidata.org/entity/Q7814774,Tom Alter
1099,http://www.wikidata.org/entity/Q16186488,Baba Hardev Singh
1100,http://www.wikidata.org/entity/Q20939525,Kappagantula Mallikarjuna Rao
1101,http://www.wikidata.org/entity/Q2659798,David Frawley
1102,http://www.wikidata.org/entity/Q2724721,Ishwar Petlikar
1103,http://www.wikidata.org/entity/Q2767884,Manhar Modi
1104,http://www.wikidata.org/entity/Q14826828,Barun Biswas
1105,http://www.wikidata.org/entity/Q4746925,Amitava Kumar
1106,http://www.wikidata.org/entity/Q42285648,Rahul Pandit
1107,http://www.wikidata.org/entity/Q15697348,Ganteda Gaurunayudu
1108,http://www.wikidata.org/entity/Q16346478,Radha Gobinda Basak
1109,http://www.wikidata.org/entity/Q6364068,Kanniah Yogi
1110,http://www.wikidata.org/entity/Q7117173,P. Chacko
1111,http://www.wikidata.org/entity/Q20563156,Sannapureḍḍi Veṅkaṭarāmireḍḍi
1112,http://www.wikidata.org/entity/Q55634759,Satyabadi Baliarsingh
1113,http://www.wikidata.org/entity/Q63323163,Priyaranjan Sen
1114,http://www.wikidata.org/entity/Q15934756,T. M. Thiagarajan
1115,http://www.wikidata.org/entity/Q27074889,Mangalu Charan Biswal
1116,http://www.wikidata.org/entity/Q27901993,Waqar Ahmad Shah
1117,http://www.wikidata.org/entity/Q38767356,Gabbita Balasundara Shasthry
1118,http://www.wikidata.org/entity/Q61059806,B.S Ghumman
1119,http://www.wikidata.org/entity/Q62067343,Ksmathew
1120,http://www.wikidata.org/entity/Q35679421,Prabodh Kumar Mishra
1121,http://www.wikidata.org/entity/Q67418649,Dwipesh Majumder
1122,http://www.wikidata.org/entity/Q70185637,Balwant Singh
1123,http://www.wikidata.org/entity/Q55690,Pralhad Keshav Atre
1124,http://www.wikidata.org/entity/Q31786119,Surjit Singh Dhillon
1125,http://www.wikidata.org/entity/Q56605661,Kiran Shankar Sengupta
1126,http://www.wikidata.org/entity/Q47001655,Somendranath Bandyopadhyay
1127,http://www.wikidata.org/entity/Q50807575,Ramkrishna Tarkatirtha
1128,http://www.wikidata.org/entity/Q65320248,Anil Vallathol
1129,http://www.wikidata.org/entity/Q15723681,Acharya Harihara
1130,http://www.wikidata.org/entity/Q13009,Lakshmiswar Sinha
1131,http://www.wikidata.org/entity/Q108147786,Tarun Arora
1132,http://www.wikidata.org/entity/Q97254506,Mohsin Bin Ahamed
1133,http://www.wikidata.org/entity/Q113336473,Chhatrapal Singh
1134,http://www.wikidata.org/entity/Q103829990,M. Ravindranath
1135,http://www.wikidata.org/entity/Q107398663,Khageswar Datta Baruah
1136,http://www.wikidata.org/entity/Q113298216,Tapan Mohan Chattopadhyay
1137,http://www.wikidata.org/entity/Q113499477,M. P. Ranjan
1138,http://www.wikidata.org/entity/Q103813734,P. C. Raghavan Nair
1139,http://www.wikidata.org/entity/Q82959548,Subramani Ramalingam
1140,http://www.wikidata.org/entity/Q104383239,N. Gamaliel
1141,http://www.wikidata.org/entity/Q468374,Gurudev Sri Sri Ravi Shankar
1142,http://www.wikidata.org/entity/Q64219116,Sameer Singh
1143,http://www.wikidata.org/entity/Q59732313,Prabodhananda
1144,http://www.wikidata.org/entity/Q60616726,Debashis Sarkar
1145,http://www.wikidata.org/entity/Q4699498,Sucitto
1146,http://www.wikidata.org/entity/Q96767649,Jehirul Hussain
1147,http://www.wikidata.org/entity/Q96769093,Rajen Rabha
1148,http://www.wikidata.org/entity/Q98201920,Motiravan Kangali
1149,http://www.wikidata.org/entity/Q103330435,Sukanta Bose
1150,http://www.wikidata.org/entity/Q104253590,P. N. Chandrasenan
1151,http://www.wikidata.org/entity/Q104373568,K. Chathunni
1152,http://www.wikidata.org/entity/Q104666264,E. P. Krishnan Nambiar
1153,http://www.wikidata.org/entity/Q106763125,Devji Modha
1154,http://www.wikidata.org/entity/Q111448387,Vikas Divyakirti
1155,http://www.wikidata.org/entity/Q111982233,Jatindra Mohan Sengupta
1156,http://www.wikidata.org/entity/Q61895622,Shivkrupanand Swami
1157,http://www.wikidata.org/entity/Q105581072,Banwang Losu
1158,http://www.wikidata.org/entity/Q60319678,Mostafa Azad Kamal
1159,http://www.wikidata.org/entity/Q102363649,Indranil SenGupta
1160,http://www.wikidata.org/entity/Q61093522,Swami Shantananda Saraswati
1161,http://www.wikidata.org/entity/Q94742,Haidakhan Babaji
1162,http://www.wikidata.org/entity/Q557185,B. K. S. Iyengar
1163,http://www.wikidata.org/entity/Q749510,Swami Maheshwarananda
1164,http://www.wikidata.org/entity/Q116507817,Sripati Tudu
1165,http://www.wikidata.org/entity/Q1313675,Madan Lal Puri
1166,http://www.wikidata.org/entity/Q106773375,P. P. Mitra
1167,http://www.wikidata.org/entity/Q4818595,Attoor Krishna Pisharody
1168,http://www.wikidata.org/entity/Q4857139,Bansi Pandit
1169,http://www.wikidata.org/entity/Q5041193,Carleton Allen
1170,http://www.wikidata.org/entity/Q5101138,Chinna Jeeyar Swamy
1171,http://www.wikidata.org/entity/Q5620175,Gurmeet Ram Rahim Singh
1172,http://www.wikidata.org/entity/Q6403146,Khurshid Eqbal
1173,http://www.wikidata.org/entity/Q6444065,Kumud Ranjan Mullick
1174,http://www.wikidata.org/entity/Q6958571,Nagarjuna Gadiraju
1175,http://www.wikidata.org/entity/Q7460067,Shabbir Ahmad Usmani
1176,http://www.wikidata.org/entity/Q7489359,Sharad Kelkar
1177,http://www.wikidata.org/entity/Q244968,Maharishi Mahesh Yogi
1178,http://www.wikidata.org/entity/Q11085567,Kumar Vishwanathan
1179,http://www.wikidata.org/entity/Q11284646,Aftab Seth
1180,http://www.wikidata.org/entity/Q12201556,S Shankar
1181,http://www.wikidata.org/entity/Q12812461,Vijay Govindarajan
1182,http://www.wikidata.org/entity/Q12976662,Kallippatti Su. Kuppusami
1183,http://www.wikidata.org/entity/Q2181510,Swami Bhaktivedanta Narayan
1184,http://www.wikidata.org/entity/Q13113247,P. Gopalan
1185,http://www.wikidata.org/entity/Q4665908,Abdullah Abbas Nadwi
1186,http://www.wikidata.org/entity/Q4748652,Amrit Desai
1187,http://www.wikidata.org/entity/Q4806974,Asim Mukhopadhyay
1188,http://www.wikidata.org/entity/Q4807035,Asit Kumar Haldar
1189,http://www.wikidata.org/entity/Q5227759,Dattatreya Aralikatte
1190,http://www.wikidata.org/entity/Q16887362,Suraj Paliwal
1191,http://www.wikidata.org/entity/Q111190870,PT Kunjammu Musliyar
1192,http://www.wikidata.org/entity/Q17338426,Sitanshu Yashaschandra
1193,http://www.wikidata.org/entity/Q111668785,Brahmeshanand acharya Swami
1194,http://www.wikidata.org/entity/Q6433077,Koshalendraprasad Pande
1195,http://www.wikidata.org/entity/Q7040060,Nirmalya Kumar
1196,http://www.wikidata.org/entity/Q122852136,K. Gopinath
1197,http://www.wikidata.org/entity/Q7585725,Sreeni Pattathanam
1198,http://www.wikidata.org/entity/Q19894247,Mukundananda
1199,http://www.wikidata.org/entity/Q106773537,Manish Yadav
1200,http://www.wikidata.org/entity/Q1395741,Rang Avadhoot
1201,http://www.wikidata.org/entity/Q16222075,Shri Samyamindra Thirtha Swamiji
1202,http://www.wikidata.org/entity/Q27926238,Shyamachandra Tripathy
1203,http://www.wikidata.org/entity/Q27990470,Manmath Nath Das
1204,http://www.wikidata.org/entity/Q17310872,Swaroopanand Saraswati
1205,http://www.wikidata.org/entity/Q17488903,Ashutosh
1206,http://www.wikidata.org/entity/Q7397875,Sadhu Ram
1207,http://www.wikidata.org/entity/Q7420660,Santosh Madhavan
1208,http://www.wikidata.org/entity/Q31785984,Jagdev Dhillon
1209,http://www.wikidata.org/entity/Q173262,Chidananda Saraswati
1210,http://www.wikidata.org/entity/Q115944590,Devendra P. Garg
1211,http://www.wikidata.org/entity/Q965199,Prem Rawat
1212,http://www.wikidata.org/entity/Q1147544,Mirza Basheer-ud-Din Mahmood Ahmad
1213,http://www.wikidata.org/entity/Q1243958,Hanumappa Sudarshan
1214,http://www.wikidata.org/entity/Q24054017,Manohar Lal Chibber
1215,http://www.wikidata.org/entity/Q2900626,Bhagawan Nityananda
1216,http://www.wikidata.org/entity/Q24514878,N. S. Ramaswamy
1217,http://www.wikidata.org/entity/Q13158833,Kum. Veerabhadrappa
1218,http://www.wikidata.org/entity/Q25623550,Bhagat Trilochan
1219,http://www.wikidata.org/entity/Q148285,Rajneesh
1220,http://www.wikidata.org/entity/Q90355047,Edakkattuparambil Sidharth Shibu
1221,http://www.wikidata.org/entity/Q27478315,Mukul Kundu
1222,http://www.wikidata.org/entity/Q102189724,Anurag K. Singh
1223,http://www.wikidata.org/entity/Q102248623,Sunil Chebolu
1224,http://www.wikidata.org/entity/Q30647245,Avdhoot Shivanand Ji
1225,http://www.wikidata.org/entity/Q173273,Chinmayananda Saraswati
1226,http://www.wikidata.org/entity/Q2763128,Shaktidan Mahidan Langvadara
1227,http://www.wikidata.org/entity/Q2764711,Punit Maharaj
1228,http://www.wikidata.org/entity/Q3506414,Swami Ramdas
1229,http://www.wikidata.org/entity/Q4673535,Acharya Maharajshree Tejendraprasad Pande
1230,http://www.wikidata.org/entity/Q112169860,Asim Kumar Chatterjee
1231,http://www.wikidata.org/entity/Q30645785,Shri Shyam Manohar Goswami
1232,http://www.wikidata.org/entity/Q53713734,Kishorsingh Solanki
1233,http://www.wikidata.org/entity/Q107453532,Gella Venkata Satyanarayana Murty
1234,http://www.wikidata.org/entity/Q12811033,N.V. Raghuram
1235,http://www.wikidata.org/entity/Q109918726,Chandra Sekhar Giri
1236,http://www.wikidata.org/entity/Q4100790,Bhakti Prajnana Kesava Goswami
1237,http://www.wikidata.org/entity/Q17306405,Deepakbhai Desai
1238,http://www.wikidata.org/entity/Q60511536,Choudhury Jayprakash Das
1239,http://www.wikidata.org/entity/Q9513,A. P. J. Abdul Kalam
1240,http://www.wikidata.org/entity/Q55771,A. H. Salunkhe
1241,http://www.wikidata.org/entity/Q31801266,Sura Baba
1242,http://www.wikidata.org/entity/Q63549449,Debapriya Priyadarshi Chakra
1243,http://www.wikidata.org/entity/Q1258856,Sakyong Mipham
1244,http://www.wikidata.org/entity/Q24006197,Baskaran Pillai
1245,http://www.wikidata.org/entity/Q3595546,Adivi Bapiraju
1246,http://www.wikidata.org/entity/Q5620084,Baba Gurinder Singh Ji
1247,http://www.wikidata.org/entity/Q16195153,Capt. Pawanexh Kohli
1248,http://www.wikidata.org/entity/Q70904700,Devarajan Ramanujan
1249,http://www.wikidata.org/entity/Q708116,Neem Karoli Baba
1250,http://www.wikidata.org/entity/Q1033977,H. W. L. Poonja
1251,http://www.wikidata.org/entity/Q122874378,Satyam Mishra
1252,http://www.wikidata.org/entity/Q122911020,Dhammagavesi
1253,http://www.wikidata.org/entity/Q54915242,Saju Chackalackal
1254,http://www.wikidata.org/entity/Q3632194,Jagadguru Shri Kripalu Ji Maharaj
1255,http://www.wikidata.org/entity/Q25424972,M. Thomas Thangaraj
1256,http://www.wikidata.org/entity/Q4855107,Bangaru Adigalar
1257,http://www.wikidata.org/entity/Q26501843,Mahant Swami Maharaj
1258,http://www.wikidata.org/entity/Q6319459,Jyotirmayananda Saraswati
1259,http://www.wikidata.org/entity/Q7653264,Swami Vishnu Tirtha
1260,http://www.wikidata.org/entity/Q82570721,Shail Choyal
